"Price","Year","Model","HorsePower","ConsumerRating","SellerRating","Color","Drivetrain","FuelRate","FuelType","Transmission","Engine Capacity(L)","Cylinder","Mileage","bodyType","numberOfDoors"
"2789550","2016","435 Gran Coupe i xDrive","241","4.8","5","White","All-wheel Drive","30","Gasoline","8-Speed Automatic","3","6","65219","Sedan","4"
"2789550","2016","435 Gran Coupe i xDrive","241","4.8","5","Gray","All-wheel Drive","30","Gasoline","8-Speed Automatic","3","6","63055","Sedan","4"
"2496690","2014","428 i","245","4.8","4.3","Glacier Silver Metallic","Rear-wheel Drive","34","Gasoline","8-Speed Automatic","2","4","48531","Coupe","2"
"3051000","2017","M240 i","387","4.7","4.3","Alpine White","Rear-wheel Drive","32","Gasoline","8-SPEED A/T","3","6","60733","Coupe","2"
"2960370","2020","X1 xDrive28i","231","4.8","4.6","Alpine White","All-wheel Drive","31","Gasoline","8-Speed Automatic","2","4","39879","SUV","4"
"2762370","2020","X1 xDrive28i","231","4.8","4.6","Jet Black","All-wheel Drive","31","Gasoline","8-Speed Automatic","2","4","50199","SUV","4"
"4185000","2019","Z4 sDrive30i","197","5","4.5","Metallic","Rear-wheel Drive","32","Gasoline","8-Speed Automatic","2","4","23504","Roadster","2"
"233550","2018","320 i xDrive","184","4.9","4.9","Black Sapphire","All-wheel Drive","34","Gasoline","8-Speed Automatic","2","4","55001","Hatchback","4"
"1124910","2012","X5 xDrive35i Premium","306","4.5","3.7","Black","All-wheel Drive","23","Gasoline","8-Speed Automatic","3","6","75012","SUV","4"
"4499550","2020","X3 M40i","360","4.9","4.7","Phytonic Blue Metallic","All-wheel Drive","27","Gasoline","8-Speed Automatic","3","6","11970","SUV","4"
"2427750","2018","430 Gran Coupe i xDrive","249","4.9","3.1","Gray","All-wheel Drive","33","Gasoline","8-Speed Automatic","2","4","39474","Sedan","4"
"2337750","2018","430 Gran Coupe i xDrive","249","4.9","3.1","Gray","All-wheel Drive","33","Gasoline","8-Speed Automatic","2","4","42899","Sedan","4"
"2699550","2018","430 Gran Coupe i xDrive","249","4.9","4.8","Blue","All-wheel Drive","33","Gasoline","8-Speed Automatic","2","4","45266","Sedan","4"
"4302450","2019","540 i xDrive","340","4.9","4.4","Dark Graphite Metallic","All-wheel Drive","29","Gasoline","8-Speed Automatic","3","6","26042","Sedan","4"
"6389640","2018","X5 M Base","625","4.8","4.6","Carbon Black Metallic","All-wheel Drive","19","Gasoline","8-Speed Automatic","4.4","8","33757","SUV","4"
"1430910","2015","328 i","230","4.7","3.4","White","Rear-wheel Drive","35","Gasoline","8-Speed Automatic","2","4","48478","Sedan","4"
"206550","2018","320 320i xDrive","184","4.9","5","Black Sapphire Metallic","All-wheel Drive","34","Gasoline","Automatic","2","4","31948","Sedan","4"
"206100","2002","540 i","340","4.6","5","Green","Rear-wheel Drive","23","Gasoline","6-Speed M/T","4.4","8","81467","Sedan","4"
"2248650","2018","320 i xDrive","184","4.9","2","Black","All-wheel Drive","34","Gasoline","8-Speed Automatic","2","4","65946","Hatchback","4"
"5027670","2017","M3 Base","473","4.7","3.4","Gray","Rear-wheel Drive","26","Gasoline","7-Speed Automatic with Auto-Shift","3","6","19847","Sedan","2"
"318600","2019","X3 sDrive30i","249","4.7","4.4","Phytonic Blue Metallic","Rear-wheel Drive","30","Gasoline","8-Speed Automatic","2","4","34565","Crossover","4"
"2879550","2019","X3 sDrive30i","249","4.7","3.7","Jet Black","Rear-wheel Drive","30","Gasoline","8-Speed Automatic","2","4","57583","Crossover","4"
"4949820","2019","X5 xDrive40i","340","4.7","4.7","White","All-wheel Drive","26","Gasoline","8-Speed Automatic","3","6","14950","SUV","4"
"5031090","2020","X5 sDrive40i","340","4.7","4.7","Jet Black","Rear-wheel Drive","26","Gasoline","8-Speed Automatic","3","6","31831","Crossover","4"
"697320","2019","M850 i xDrive","530","5","4.3","Carbon Black Metallic","All-wheel Drive","25","Gasoline","8-Speed Automatic","4.4","8","34021","Coupe","2"
"3556890","2019","330 i xDrive","258","4.9","4.8","Jet Black","All-wheel Drive","34","Gasoline","8-Speed Automatic","2","4","39669","Sedan","4"
"7357410","2019","X7 xDrive50i","530","4.1","4.4","Mineral White Metallic","All-wheel Drive","21","Gasoline","8-Speed Automatic","4.4","8","27289","SUV","4"
"3563730","2019","330 i","258","4.9","2.1","Black Sapphire Metallic","Rear-wheel Drive","36","Gasoline","8-Speed Automatic","2","4","19377","Sedan","4"
"4319730","2019","X3 M40i","360","4.7","2.1","Alpine White","All-wheel Drive","27","Gasoline","8-Speed Automatic","3","6","33855","SUV","4"
"639000","2021","Gasoline","286","4.6","4.8","Blue","All-wheel Drive","0","Plug-In Electric/Gas","Transmission w/Dual Shift Mode","3","6","10500","SUV","4"
"809910","2010","128 128i","230","4.7","4.1","Black Sapphire Metallic","Rear-wheel Drive","28","Gasoline","Automatic","3","6","94876","Coupe","2"
"5129820","2019","X5 xDrive40i","340","4.7","4.9","Black Sapphire Metallic","All-wheel Drive","26","Gasoline","8-Speed Automatic","3","6","18031","SUV","4"
"4024620","2019","M550 i Xdrive","530","4.5","2.8","Black","All-wheel Drive","25","Gasoline","sport automatic","5","8","38336","Sedan","4"
"6546150","2020","M4 Base","431","4.9","4.6","White","Rear-wheel Drive","25","Gasoline","Manual","3","6","6626","Coupe","2"
"5650830","2020","X5 xDrive40i","340","4.7","4.8","Alpine White","All-wheel Drive","26","Gasoline","8-Speed Automatic","3","6","10422","SUV","4"
"3611070","2019","330 i xDrive","258","4.9","4.6","Alpine White","All-wheel Drive","34","Gasoline","8-Speed Automatic","2","4","39186","Sedan","4"
"4275000","2019","X3 M40i","360","4.7","4.8","Carbon Black Metallic","All-wheel Drive","27","Gasoline","8-Speed Automatic","3","6","19572","SUV","4"
"5273190","2019","X5 xDrive40i","340","4.7","4.8","Jet Black","All-wheel Drive","26","Gasoline","8-Speed Automatic","3","6","31750","SUV","4"
"4775220","2019","X5 xDrive40i","340","4.7","4.9","Black Sapphire Metallic","All-wheel Drive","26","Gasoline","8-Speed Automatic","3","6","35662","SUV","4"
"1250910","2015","428 i xDrive","245","4.8","3.7","Gray","All-wheel Drive","33","Gasoline","8-Speed Automatic","2","4","68535","Coupe","2"
"6289920","2019","X7 xDrive50i","530","4.1","4","Black Sapphire Metallic","All-wheel Drive","21","Gasoline","8-Speed Automatic","4.4","8","46661","SUV","4"
"287550","2017","X5 xDrive35i","306","4.7","3","Black","All-wheel Drive","24","Gasoline","8-Speed Automatic","3","6","45922","SUV","4"
"575460","2020","X5 xDrive40i","340","4.7","4.6","Carbon Black Metallic","All-wheel Drive","26","Gasoline","8-Speed Automatic","3","6","30523","SUV","4"
"6463710","2020","X7 xDrive40i","381","4.9","3","Arctic Gray Metallic","All-wheel Drive","25","Gasoline","8-Speed Automatic","3","6","14004","SUV","4"
"2024550","2015","328 i xDrive","245","4.7","4.7","Black","All-wheel Drive","33","Gasoline","8-Speed Automatic","2","4","50757","Sedan","4"
"4859010","2019","X5 xDrive40i","340","4.7","3","Carbon Black Metallic","All-wheel Drive","26","Gasoline","8-Speed Automatic","3","6","29180","SUV","4"
"3689820","2020","X3 xDrive30i","249","4.9","3.4","Gray","All-wheel Drive","29","Gasoline","8-Speed Automatic","2","4","33379","SUV","4"
"2897910","2017","X3 xDrive28i","245","4.8","4","Jet Black","All-wheel Drive","28","Gasoline","Automatic","2","4","36219","SUV","4"
"3056580","2018","X3 xDrive30i","249","4.8","4.5","Alpine White","All-wheel Drive","29","Gasoline","8-Speed Automatic","2","4","49340","SUV","4"
"709110","2020","750 i xDrive","450","5","4.7","Alpine White","All-wheel Drive","25","Gasoline","8-Speed Automatic","4.4","8","34376","Sedan","4"
"4749030","2019","X5 xDrive40i","340","4.7","4.7","Jet Black","All-wheel Drive","26","Gasoline","8-Speed Automatic","3","6","41603","SUV","4"
"4993920","2019","X5 xDrive40i","340","4.7","4.5","Carbon Black Metallic","All-wheel Drive","26","Gasoline","8-Speed Automatic","3","6","42055","SUV","4"
"5079420","2019","X5 xDrive40i","340","4.7","4.9","Gray Metallic","All-wheel Drive","26","Gasoline","8-Speed Automatic","3","6","36600","SUV","4"
"123750","2013","X3 xDrive28i","245","4.2","3.4","Jet Black","All-wheel Drive","28","Gasoline","8-Speed Automatic","2","4","69831","SUV","4"
"3874680","2020","X3 xDrive30i","249","4.9","4.9","Phytonic Blue Metallic","All-wheel Drive","29","Gasoline","8-Speed Automatic","2","4","18570","SUV","4"
"2663550","2019","330 i xDrive","258","4.9","3.7","Black Sapphire Metallic","All-wheel Drive","34","Gasoline","8-SPEED A/T","2","4","55246","Sedan","4"
"359550","2019","540 i xDrive","340","4.9","3.7","White","All-wheel Drive","29","Gasoline","8-Speed Automatic","3","6","35135","Sedan","4"
"2338650","2016","X3 xDrive28i","245","4.6","4.7","Sparkling Brown Metallic","All-wheel Drive","28","Gasoline","8-Speed Automatic","2","4","52911","SUV","4"
"2879820","2019","X1 sDrive28i","231","4.7","4.4","Mineral White Metallic","Front-wheel Drive","32","Gasoline","8-Speed Automatic","2","4","14335","Crossover","4"
"3599550","2018","X3 xDrive30i","249","4.8","4.8","Carbon Black Metallic","All-wheel Drive","29","Gasoline","8-Speed Automatic","2","4","15479","SUV","4"
"4363290","2019","X5 xDrive40i","340","4.7","4.7","Mineral White Metallic","All-wheel Drive","26","Gasoline","8-Speed Automatic","3","6","55931","SUV","4"
"4511160","2020","M340 i","387","4.9","4.9","Black Sapphire Metallic","Rear-wheel Drive","30","Gasoline","8-Speed Automatic","3","6","31213","Sedan","4"
"2884860","2019","X1 sDrive28i","231","4.7","4.7","Jet Black","Front-wheel Drive","32","Gasoline","8-Speed Automatic","2","4","30502","Crossover","4"
"4499910","2020","X3 M40i","360","4.9","4.9","Black Sapphire Metallic","All-wheel Drive","27","Gasoline","8-Speed Automatic","3","6","32204","SUV","4"
"4769820","2020","X3 M40i","360","4.9","4.9","Dark Graphite","All-wheel Drive","27","Gasoline","8-Speed Automatic","3","6","28266","SUV","4"
"2517750","2015","435 i","306","4.8","3.1","Blue","Rear-wheel Drive","31","Gasoline","8-Speed Automatic","3","6","39981","Coupe","2"
"3088890","2018","X3 xDrive30i","249","4.8","4.7","Phytonic Blue Metallic","All-wheel Drive","29","Gasoline","8-Speed Automatic","2","4","49033","SUV","4"
"5129910","2020","X5 sDrive40i","340","4.7","4.8","Black Sapphire Metallic","Rear-wheel Drive","26","Gasoline","8-Speed Automatic","3","6","31383","Crossover","4"
"2762730","2019","X3 xDrive30i","249","4.7","4.7","Jet Black","All-wheel Drive","29","Gasoline","8-Speed Automatic","2","4","63190","SUV","4"
"346320","2017","X5 xDrive35i","306","4.7","4.8","Black Sapphire Metallic","All-wheel Drive","24","Gasoline","8-Speed Automatic","3","6","44624","SUV","4"
"3509820","2018","X5 sDrive35i","306","4.8","2.9","Black","Rear-wheel Drive","25","Gasoline","8-Speed Automatic","3","6","54742","Crossover","4"
"284310","2018","X1 xDrive28i","231","4.8","4.4","Dark Olive Metallic","All-wheel Drive","31","Gasoline","8-Speed Automatic","2","4","19137","SUV","4"
"4634550","2019","X5 xDrive40i","340","4.7","4.7","Jet Black","All-wheel Drive","26","Gasoline","8-Speed Automatic","3","6","41452","SUV","4"
"157050","2019","X3 sDrive30i","249","4.7","3.5","Black","Rear-wheel Drive","30","Gasoline","8-Speed Automatic","2","4","59518","Crossover","4"
"598050","2020","X5 M50i","530","4.7","3.7","Black","All-wheel Drive","22","Gasoline","8-Speed Automatic","4.4","8","25578","SUV","4"
"989730","2011","328 i xDrive","245","4.5","4.7","Black Sapphire Metallic","All-wheel Drive","26","Gasoline","6-Speed Automatic","3","6","116399","Sedan","4"
"4139190","2018","X3 M40i","360","4.8","4.4","Dark Graphite Metallic","All-wheel Drive","27","Gasoline","8-Speed Automatic","3","6","19772","SUV","4"
"4319820","2020","X5 sDrive40i","340","4.7","4.9","Black Sapphire Metallic","Rear-wheel Drive","26","Gasoline","8-Speed Automatic","3","6","52481","Crossover","4"
"3110400","2014","Z4 sDrive35i","306","4.9","4.7","Alpine White","Rear-wheel Drive","26","Gasoline","7-Speed Automatic with Auto-Shift","3","6","33580","Roadster","2"
"5129550","2021","X4 xDrive30i","245","5","4.5","Black Sapphire Metallic","All-wheel Drive","29","Gasoline","8-Speed Automatic","2","4","22282","Wagon","4"
"3682440","2018","X5 xDrive35i","306","4.8","4.7","Jet Black","All-wheel Drive","24","Gasoline","8-Speed Automatic","3","6","39515","SUV","4"
"4679550","2020","X3 M40i","360","4.9","4.9","Glacier Silver Metallic","All-wheel Drive","27","Gasoline","8-Speed Automatic","3","6","21810","SUV","4"
"4193370","2021","X3 xDrive30i","249","4.7","4.7","Alpine White","All-wheel Drive","29","Gasoline","8-Speed Automatic","2","4","15883","SUV","4"
"4212180","2021","X3 xDrive30i","249","4.7","4.5","Alpine White","All-wheel Drive","29","Gasoline","8-Speed Automatic","2","4","15468","SUV","4"
"7182000","2008","335 335i","306","4.5","2.9","Jet Black","Rear-wheel Drive","29","Gasoline","Automatic","3","6","110012","Sedan","4"
"719550","2007","750 Li","450","4.4","3.7","Silver","Rear-wheel Drive","23","Gasoline","Automatic 6-Speed","4.4","8","99320","Sedan","4"
"3233070","2015","X5 xDrive50i","329","4.7","4.4","Carbon Black Metallic","All-wheel Drive","22","Gasoline","8-Speed Automatic","4.4","8","30203","SUV","4"
"5039550","2019","X5 xDrive40i","340","4.7","4.5","Mineral White Metallic","All-wheel Drive","26","Gasoline","8-Speed Automatic","3","6","19263","SUV","4"
"4661460","2019","X5 xDrive40i","340","4.7","4.5","Alpine White","All-wheel Drive","26","Gasoline","8-Speed Automatic","3","6","21845","SUV","4"
"2542680","2019","330 i","258","4.9","4.7","Bronze Metallic","Rear-wheel Drive","36","Gasoline","8-Speed Automatic","2","4","49374","Sedan","4"
"3376980","2019","330 i xDrive","258","4.9","4.8","Black Sapphire Metallic","All-wheel Drive","34","Gasoline","8-Speed Automatic","2","4","50001","Sedan","4"
"4473900","2019","540 i xDrive","340","4.9","4.5","Alpine White","All-wheel Drive","29","Gasoline","8-Speed Automatic","3","6","10609","Sedan","4"
"5420430","2021","X5 xDrive40i","340","4.8","4.4","Black Sapphire Metallic","All-wheel Drive","25","Gasoline","8-Speed Automatic","3","6","18375","SUV","4"
"7038000","2021","X7 xDrive40i","381","5","4.9","Black Sapphire Metallic","All-wheel Drive","24","Gasoline","8-Speed Automatic","3","6","17307","SUV","4"
"409320","2019","X4 xDrive30i","245","4.6","4.3","Dark Graphite","All-wheel Drive","29","Gasoline","8-Speed Automatic","2","4","30537","Wagon","4"
"4814910","2019","X5 xDrive40i","340","4.7","4.7","Alpine White","All-wheel Drive","26","Gasoline","8-Speed Automatic","3","6","37135","SUV","4"
"3419820","2016","740 i","380","4.8","4.5","White","Rear-wheel Drive","29","Gasoline","8-Speed Automatic","3","6","48240","Sedan","4"
"3473820","2019","X3 xDrive30i","249","4.7","4.8","Alpine White","All-wheel Drive","29","Gasoline","8-Speed Automatic","2","4","31908","SUV","4"
"2069550","2015","328 i xDrive","245","4.7","4.7","Black","All-wheel Drive","33","Gasoline","8-Speed Automatic","2","4","45325","Sedan","4"
"3959550","2018","M550 M550i xDrive","462","4.6","4","Azurite Black Metallic","All-wheel Drive","25","Gasoline","Automatic","4.4","8","68195","Sedan","4"
"2950470","2018","X1 xDrive28i","231","4.8","4.8","Mineral Gray Metallic","All-wheel Drive","31","Gasoline","8-Speed Automatic","2","4","34571","SUV","4"
"3311550","2019","330 i xDrive","258","4.9","4.6","Black Sapphire Metallic","All-wheel Drive","34","Gasoline","8-Speed Automatic","2","4","45558","Sedan","4"
"3374010","2019","X3 xDrive30i","249","4.7","1.3","Black Sapphire Metallic","All-wheel Drive","29","Gasoline","8-Speed Automatic","2","4","45390","SUV","4"
"2924910","2019","X1 xDrive28i","231","4.7","4.7","Brown Metallic","All-wheel Drive","31","Gasoline","8-Speed Automatic","2","4","45309","SUV","4"
"3986550","2019","X5 xDrive40i","340","4.7","3.7","Arctic Gray Metallic","All-wheel Drive","26","Gasoline","8-SPEED A/T","3","6","46377","SUV","4"
"576540","2019","X7 xDrive40i","381","4.1","4.6","Black Sapphire Metallic","All-wheel Drive","25","Gasoline","8-Speed Automatic","3","6","43029","SUV","4"
"3509550","2020","X3 xDrive30i","249","4.9","4.6","Jet Black","All-wheel Drive","29","Gasoline","Automatic","2","4","30507","SUV","4"
"3481920","2018","X5 xDrive35i","306","4.8","4.7","Dark Graphite","All-wheel Drive","24","Gasoline","8-Speed Automatic","3","6","54249","SUV","4"
"449910","2019","X5 xDrive40i","340","4.7","4.7","Arctic Gray Metallic","All-wheel Drive","26","Gasoline","8-Speed Automatic","3","6","39765","SUV","4"
"3059820","2018","330 i xDrive","258","4.8","4.8","White","All-wheel Drive","33","Gasoline","8-Speed Automatic","2","4","48309","Sedan","4"
"3956490","2020","X3 xDrive30i","249","4.9","4.7","Dark Graphite Metallic","All-wheel Drive","29","Gasoline","8-Speed Automatic","2","4","31113","SUV","4"
"3238650","2019","330 i","258","4.9","4.8","Jet Black","Rear-wheel Drive","36","Gasoline","8-Speed Automatic","2","4","35027","Sedan","4"
"4493970","2019","X5 xDrive40i","340","4.7","4.8","Arctic Gray Metallic","All-wheel Drive","26","Gasoline","8-Speed Automatic","3","6","36515","SUV","4"
"2698920","2017","X3 xDrive28i","245","4.8","4.5","Black Sapphire Metallic","All-wheel Drive","28","Gasoline","8-Speed Automatic","2","4","50296","SUV","4"
"4480920","2019","540 i xDrive","340","4.9","4.7","Dark Graphite Metallic","All-wheel Drive","29","Gasoline","8-Speed Automatic","3","6","33943","Sedan","4"
"7516800","2021","X7 xDrive40i","381","5","4.8","Black Sapphire Metallic","All-wheel Drive","24","Gasoline","8-Speed Automatic","3","6","11422","SUV","4"
"4319460","2018","M550 i xDrive","530","4.6","1","Bluestone Metallic","All-wheel Drive","25","Gasoline","8-Speed Automatic","4.4","8","42989","Sedan","4"
"2069550","2014","435 i xDrive","241","4.8","3.4","Alpine White","All-wheel Drive","30","Gasoline","8-Speed Automatic","3","6","59517","Sedan","4"
"2295900","2016","X1 xDrive 28i","231","4.6","4.5","Jet Black","All-wheel Drive","32","Gasoline","8-Speed Automatic","2","4","48743","SUV","4"
"6658920","2019","X7 xDrive40i","381","4.1","3.4","Alpine White","All-wheel Drive","25","Gasoline","8-Speed Automatic","3","6","12384","SUV","4"
"4319550","2019","540 i","340","4.9","4.1","Jet Black","Rear-wheel Drive","29","Gasoline","8-Speed Automatic","3","6","30161","Sedan","4"
"736920","2019","M850 i xDrive","530","5","4.3","Black Sapphire Metallic","All-wheel Drive","25","Gasoline","8-Speed Automatic","4.4","8","19163","Coupe","2"
"3934170","2015","M4 Base","431","4.8","3.4","Orange","Rear-wheel Drive","26","Gasoline","7-Speed Automatic with Auto-Shift","3","6","38452","Coupe","2"
"3599820","2019","X3 xDrive30i","249","4.7","3.4","Silver","All-wheel Drive","29","Gasoline","8-Speed Automatic","2","4","31351","SUV","4"
"3411540","2018","X5 xDrive35i","306","4.8","4.8","Alpine White","All-wheel Drive","24","Gasoline","8-Speed Automatic","3","6","73009","SUV","4"
"266310","2018","X1 xDrive28i","231","4.8","4.4","Dark Olive Metallic","All-wheel Drive","31","Gasoline","8-Speed Automatic","2","4","38749","SUV","4"
"5237370","2020","X5 xDrive40i","340","4.7","4.9","Ametrin Metallic","All-wheel Drive","26","Gasoline","8-Speed Automatic","3","6","35358","SUV","4"
"287910","2019","X1 xDrive28i","231","4.7","4.7","Black Sapphire Metallic","All-wheel Drive","31","Gasoline","8-Speed Automatic","2","4","34843","SUV","4"
"2327040","2016","340 i xDrive","374","4.6","3.4","White","All-wheel Drive","33","Gasoline","8-Speed Automatic","3","6","50986","Sedan","4"
"1799910","2015","328 i","230","4.7","4.7","Mineral Gray Metallic","Rear-wheel Drive","35","Gasoline","8-Speed Automatic","2","4","35876","Sedan","4"
"3329820","2019","330 i","258","4.9","4.4","Black Sapphire Metallic","Rear-wheel Drive","36","Gasoline","8-Speed Automatic","2","4","34556","Sedan","4"
"1541160","2013","X3 xDrive28i","245","4.2","4.7","Jet Black","All-wheel Drive","28","Gasoline","8-Speed Automatic","2","4","81300","SUV","4"
"5128470","2019","X6 xDrive35i","306","4","4.5","Carbon Black Metallic","All-wheel Drive","24","Gasoline","8-Speed Automatic","3","6","27579","SUV","4"
"469620","2018","M2 Base","460","4.9","4.6","Black Sapphire Metallic","Rear-wheel Drive","26","Gasoline","7-Speed Automatic with Auto-Shift","3","6","33546","Coupe","2"
"3923550","2019","540 i xDrive","340","4.9","4.8","Black Sapphire Metallic","All-wheel Drive","29","Gasoline","8-Speed Automatic","3","6","36464","Sedan","4"
"3197700","2020","X3 xDrive30i","249","4.9","4.8","Black Sapphire Metallic","All-wheel Drive","29","Gasoline","8-Speed Automatic","2","4","52765","SUV","4"
"3908250","2021","X3 xDrive30i","249","4.7","4.6","Dark Graphite Metallic","All-wheel Drive","29","Gasoline","8-Speed Automatic","2","4","16466","SUV","4"
"4129830","2020","X3 xDrive30i","249","4.9","4.2","Jet Black","All-wheel Drive","29","Gasoline","8-Speed Automatic","2","4","21228","SUV","4"
"3413700","2018","X5 xDrive35i","306","4.8","4.4","Azurite Black Metallic","All-wheel Drive","24","Gasoline","8-Speed Automatic","3","6","45763","SUV","4"
"2609550","2018","X1 xDrive28i","231","4.8","4.8","Black","All-wheel Drive","31","Gasoline","8-Speed Automatic","2","4","61612","SUV","4"
"4499820","2020","X3 xDrive30i","249","4.9","2.9","Blue","All-wheel Drive","29","Gasoline","8-Speed Automatic","2","4","13132","SUV","4"
"1213560","2013","328 i xDrive","245","4.6","3.7","White Metallic","All-wheel Drive","33","Gasoline","8-Speed Automatic","2","4","106830","Sedan","4"
"3113010","2019","330 i","258","4.9","4.9","Black Sapphire Metallic","Rear-wheel Drive","36","Gasoline","8-Speed Automatic","2","4","22205","Sedan","4"
"4229820","2018","X5 xDrive35i","306","4.8","3.5","Blue","All-wheel Drive","24","Gasoline","8-Speed Automatic","3","6","45332","SUV","4"
"6187410","2020","X7 xDrive40i","381","4.9","3","Alpine White","All-wheel Drive","25","Gasoline","8-Speed Automatic","3","6","34108","SUV","4"
"322920","2019","330 i xDrive","258","4.9","4.3","Mineral Gray Metallic","All-wheel Drive","34","Gasoline","8-Speed Automatic","2","4","31620","Sedan","4"
"4073940","2021","X3 sDrive30i","249","4.7","4.5","Jet Black","Rear-wheel Drive","29","Gasoline","8-Speed Automatic","2","4","16211","Crossover","4"
"3269970","2018","530 i xDrive","249","4.8","4.9","Imperial Blue Metallic","All-wheel Drive","33","Gasoline","8-Speed Automatic","2","4","25581","Sedan","4"
"3509730","2019","330 i","258","4.9","2.1","Glacier Silver Metallic","Rear-wheel Drive","36","Gasoline","8-Speed Automatic","2","4","18937","Sedan","4"
"5038830","2019","X5 xDrive40i","340","4.7","4.8","Alpine White","All-wheel Drive","26","Gasoline","8-Speed Automatic","3","6","30572","SUV","4"
"5698800","2021","X5 xDrive40i","340","4.8","4.3","Arctic Gray Metallic","All-wheel Drive","25","Gasoline","8-Speed Automatic","3","6","14486","SUV","4"
"4796820","2019","X5 xDrive40i","340","4.7","4.9","Alpine White","All-wheel Drive","26","Gasoline","8-Speed Automatic","3","6","51130","SUV","4"
"4724550","2019","M550 i xDrive","530","4.5","4.1","Bluestone Metallic","All-wheel Drive","25","Gasoline","8-Speed Automatic","4.4","8","29618","Sedan","4"
"456390","2017","M2 Base","460","4.9","2.3","Black Sapphire Metallic","Rear-wheel Drive","26","Gasoline","7-Speed Automatic with Auto-Shift","3","6","16189","Coupe","2"
"1599930","2016","X3 xDrive28i","245","4.6","1.6","Alpine White","All-wheel Drive","28","Gasoline","8-Speed Automatic","2","4","98960","SUV","4"
"719910","2011","328 i xDrive","245","4.5","3.7","Black","All-wheel Drive","26","Gasoline","6-Speed Automatic","3","6","107987","Sedan","4"
"3259890","2017","X5 xDrive35i","306","4.7","4.6","Gray","All-wheel Drive","24","Gasoline","8-Speed Automatic","3","6","66395","SUV","4"
"3505680","2017","X5 xDrive35i","306","4.7","4.7","Jet Black","All-wheel Drive","24","Gasoline","8-Speed Automatic","3","6","37371","SUV","4"
"260910","2017","X3 xDrive28i","245","4.8","4.8","Alpine White","All-wheel Drive","28","Gasoline","8-Speed Automatic","2","4","45623","SUV","4"
"3364920","2019","X3 xDrive30i","249","4.7","4.4","Glacier Silver Metallic","All-wheel Drive","29","Gasoline","8-Speed Automatic","2","4","18302","SUV","4"
"3104190","2018","X3 xDrive30i","249","4.8","4.8","Jet Black","All-wheel Drive","29","Gasoline","8-Speed Automatic","2","4","62594","SUV","4"
"4046580","2020","X3 sDrive30i","249","4.9","4.5","Dark Graphite Metallic","Rear-wheel Drive","29","Gasoline","8-Speed Automatic","2","4","18656","Crossover","4"
"403920","2021","X3 sDrive30i","249","4.7","4.3","Dark Graphite","Rear-wheel Drive","29","Gasoline","8-Speed Automatic","2","4","19635","Crossover","4"
"5363190","2019","X5 xDrive40i","340","4.7","4.6","–","All-wheel Drive","26","Gasoline","8-Speed Automatic","3","6","20000","SUV","4"
"4401900","2019","X5 xDrive40i","340","4.7","4.5","Jet Black","All-wheel Drive","26","Gasoline","8-Speed Automatic","3","6","56007","SUV","4"
"2788830","2018","330 i xDrive","258","4.8","4.7","Jet Black","All-wheel Drive","33","Gasoline","8-Speed Automatic","2","4","53720","Sedan","4"
"402660","2021","330 i xDrive","258","4.9","4.7","Jet Black","All-wheel Drive","34","Gasoline","8-Speed Automatic","2","4","12588","Sedan","4"
"3104190","2020","X3 xDrive30i","249","4.9","5","Phytonic Blue Metallic","All-wheel Drive","29","Gasoline","8-Speed Automatic","2","4","49870","SUV","4"
"3528270","2020","X3 xDrive30i","249","4.9","3.7","Blue Metallic","All-wheel Drive","29","Gasoline","8-Speed Automatic","2","4","28095","SUV","4"
"2848680","2019","X3 xDrive30i","249","4.7","4.6","Jet Black","All-wheel Drive","29","Gasoline","8-Speed Automatic","2","4","80894","SUV","4"
"3419820","2021","X1 xDrive28i","231","5","4.4","Gray","All-wheel Drive","31","Gasoline","8-Speed Automatic","2","4","13852","SUV","4"
"3283830","2019","X3 xDrive30i","249","4.7","4.5","Black Sapphire Metallic","All-wheel Drive","29","Gasoline","8-Speed Automatic","2","4","20765","SUV","4"
"265320","2018","X2 sDrive28i","231","4.7","4.3","Mineral Gray Metallic","Front-wheel Drive","32","Gasoline","8-Speed Automatic","2","4","47986","Crossover","4"
"6299550","2019","X5 xDrive50i","329","4.7","4.9","Black Sapphire Metallic","All-wheel Drive","22","Gasoline","8-Speed Automatic","4.4","8","13965","SUV","4"
"3119760","2019","330 i","258","4.9","4.7","Jet Black","Rear-wheel Drive","36","Gasoline","8-Speed Automatic","2","4","35396","Sedan","4"
"483750","2019","X5 xDrive40i","340","4.7","4.5","Alpine White","All-wheel Drive","26","Gasoline","8-Speed Automatic","3","6","18248","SUV","4"
"6569370","2020","X7 xDrive40i","381","4.9","4.6","Mineral White Metallic","All-wheel Drive","25","Gasoline","8-Speed Automatic","3","6","17259","SUV","4"
"2520180","2016","X5 xDrive35i","306","4.8","4.6","Alpine White","All-wheel Drive","24","Gasoline","8-Speed Automatic","3","6","80369","SUV","4"
"3419550","2020","X3 xDrive30i","249","4.9","4.2","Alpine White","All-wheel Drive","29","Gasoline","8-Speed Automatic","2","4","37204","SUV","4"
"6204870","2019","X7 xDrive40i","381","4.1","4.7","Carbon Black Metallic","All-wheel Drive","25","Gasoline","8-Speed Automatic","3","6","41859","SUV","4"
"2833830","2018","X3 xDrive30i","249","4.8","4.6","Glacier Silver Metallic","All-wheel Drive","29","Gasoline","8-Speed Automatic","2","4","71728","SUV","4"
"3645090","2018","X5 xDrive35i","306","4.8","4.6","Space Gray Metallic","All-wheel Drive","24","Gasoline","8-Speed Automatic","3","6","49424","SUV","4"
"2202480","2015","435 Gran Coupe i","241","4.9","4.9","Carbon Black Metallic","Rear-wheel Drive","32","Gasoline","8-Speed Automatic","3","6","100256","Sedan","4"
"3869820","2018","X3 M40i","360","4.8","3.4","White","All-wheel Drive","27","Gasoline","8-Speed Automatic","3","6","38516","SUV","4"
"4049550","2020","X3 xDrive30i","249","4.9","4.9","Jet Black","All-wheel Drive","29","Gasoline","8-Speed Automatic","2","4","22938","SUV","4"
"3464190","2018","X3 xDrive30i","249","4.8","4.7","Mineral White Metallic","All-wheel Drive","29","Gasoline","8-Speed Automatic","2","4","10925","SUV","4"
"4535730","2020","M340 i","387","4.9","2.1","Alpine White","Rear-wheel Drive","30","Gasoline","8-Speed Automatic","3","6","33800","Sedan","4"
"2699820","2016","X3 xDrive28i","245","4.6","3.5","Red","All-wheel Drive","28","Gasoline","8-Speed Automatic","2","4","39534","SUV","4"
"3913830","2018","X5 xDrive35i","306","4.8","4.8","Dark Graphite Metallic","All-wheel Drive","24","Gasoline","8-Speed Automatic","3","6","39387","SUV","4"
"3329910","2020","X7 xDrive40i","381","4.9","4.6","Mineral White Metallic","All-wheel Drive","25","Gasoline","8-Speed Automatic","3","6","17259","SUV","4"
"2968920","2019","330 i xDrive","258","4.9","4.3","Black Sapphire Metallic","All-wheel Drive","34","Gasoline","8-Speed Automatic","2","4","31096","Sedan","4"
"5129640","2019","X1 sDrive28i","231","4.7","4.9","Blue Metallic","Front-wheel Drive","32","Gasoline","8-Speed Automatic","2","4","33480","Crossover","4"
"3933090","2019","750 i xDrive","450","5","4.6","Azurite Black Metallic","All-wheel Drive","25","Gasoline","8-Speed Automatic","4.4","8","38864","Sedan","4"
"479790","2020","X3 xDrive30i","249","4.9","4.9","Alpine White","All-wheel Drive","29","Gasoline","8-Speed Automatic","2","4","31655","SUV","4"
"6521850","2020","X5 xDrive40i","340","4.7","4.5","Black Sapphire Metallic","All-wheel Drive","26","Gasoline","8-Speed Automatic","3","6","45149","SUV","4"
"5335920","2020","750 i xDrive","450","5","4.4","Black","All-wheel Drive","25","Gasoline","8-Speed Automatic","4.4","8","36039","Sedan","4"
"4637250","2019","X5 xDrive40i","340","4.7","4.5","Alpine White","All-wheel Drive","26","Gasoline","8-Speed Automatic","3","6","21845","SUV","4"
"6902730","2020","X5 xDrive40i","340","4.7","4.7","Jet Black","All-wheel Drive","26","Gasoline","8-Speed Automatic","3","6","21810","SUV","4"
"5725260","2019","X5 xDrive40i","340","4.7","4.7","Alpine White","All-wheel Drive","26","Gasoline","8-Speed Automatic","3","6","35025","SUV","4"
"1844910","2020","X7 xDrive40i","381","4.9","4.9","Dark Graphite","All-wheel Drive","25","Gasoline","8-Speed Automatic","3","6","19859","SUV","4"
"2849220","2020","740 i xDrive","380","5","4.6","Glacier Silver Metallic","All-wheel Drive","28","Gasoline","8-Speed Automatic","3","6","38187","Sedan","4"
"2410920","2016","528 i xDrive","245","4.8","4.1","White","All-wheel Drive","34","Gasoline","8-Speed Automatic","2","4","46529","Sedan","4"
"2519910","2018","M550 M550i xDrive","462","4.6","4","Azurite Black Metallic","All-wheel Drive","25","Gasoline","Automatic","4.4","8","68195","Sedan","4"
"1349910","2018","X1 xDrive28i","231","4.8","4.8","Black Sapphire Metallic","All-wheel Drive","31","Gasoline","8-Speed Automatic","2","4","30729","SUV","4"
"7191900","2018","X1 sDrive28i","231","4.8","4.5","Alpine White","Front-wheel Drive","32","Gasoline","8-Speed Automatic","2","4","39294","Crossover","4"
"3669750","2014","X3 xDrive35i","306","4.7","4.7","Jet Black","All-wheel Drive","26","Gasoline","8-Speed Automatic","3","6","24936","SUV","4"
"161910","2008","X5 4.8i","360","4.4","4.4","Black Sapphire Metallic","All-wheel Drive","19","Gasoline","6-Speed Automatic","4.4","8","59856","SUV","4"
"3509820","2020","X5 M50i","530","4.7","4.1","White Metallic","All-wheel Drive","22","Gasoline","8-Speed Automatic","4.4","8","23649","SUV","4"
"4453920","2021","330 i","258","4.9","4.7","Jet Black","Rear-wheel Drive","36","Gasoline","8-Speed Automatic","2","4","20801","Sedan","4"
"3185010","2004","Z4 2.5i Roadster","192","4.7","4.8","–","Rear-wheel Drive","28","Gasoline","Automatic","2.5","4","8900","Roadster","2"
"686430","2019","430 i","258","4.9","4.3","Sunset Orange Metallic","Rear-wheel Drive","34","Gasoline","8-Speed Automatic","2","4","16241","Coupe","2"
"488250","2019","540 i","340","4.9","3.9","Black Sapphire Metallic","Rear-wheel Drive","29","Gasoline","8-Speed Automatic","3","6","27222","Sedan","4"
"4092930","2019","X3 sDrive30i","249","4.7","1.3","Jet Black","Rear-wheel Drive","30","Gasoline","8-Speed Automatic","2","4","33016","Crossover","4"
"2234070","2021","X7 xDrive40i","381","5","4.5","Phytonic Blue Metallic","All-wheel Drive","24","Gasoline","8-Speed Automatic","3","6","16320","SUV","4"
"3410820","2019","X5 xDrive40i","340","4.7","4.8","Alpine White","All-wheel Drive","26","Gasoline","8-Speed Automatic","3","6","18003","SUV","4"
"4904910","2019","X3 xDrive30i","249","4.7","4.6","Jet Black","All-wheel Drive","29","Gasoline","8-Speed Automatic","2","4","15184","SUV","4"
"692550","2014","X3 xDrive28i","245","4.7","4.6","Mineral Silver Metallic","All-wheel Drive","28","Gasoline","8-Speed Automatic","2","4","12262","SUV","4"
"2869650","2022","X2 xDrive28i","231","4.8","4.8","Alpine White","All-wheel Drive","31","Gasoline","8-Speed Automatic","2","4","10941","SUV","4"
"6555060","2019","X5 xDrive40i","340","4.7","5","Alpine White","All-wheel Drive","26","Gasoline","8-Speed Automatic","3","6","29412","SUV","4"
"332910","2021","X7 xDrive40i","381","5","4.9","Alpine White","All-wheel Drive","24","Gasoline","8-Speed Automatic","3","6","14643","SUV","4"
"269910","2019","X1 sDrive28i","231","4.7","4.7","Sparkling Brown Metallic","Front-wheel Drive","32","Gasoline","8-Speed Automatic","2","4","53693","Crossover","4"
"3500460","2020","X7 xDrive40i","381","4.9","4.4","Black","All-wheel Drive","25","Gasoline","8-Speed Automatic","3","6","16060","SUV","4"
"2289690","2019","330 i xDrive","258","4.9","4.9","Black Sapphire Metallic","All-wheel Drive","34","Gasoline","8-Speed Automatic","2","4","49676","Sedan","4"
"4858920","2018","X1 xDrive28i","231","4.8","4.9","Black Sapphire Metallic","All-wheel Drive","31","Gasoline","8-Speed Automatic","2","4","45284","SUV","4"
"238410","2018","X5 xDrive35i","306","4.8","4.8","Glacier Silver Metallic","All-wheel Drive","24","Gasoline","8-Speed Automatic","3","6","57872","SUV","4"
"4130820","2018","430 Gran Coupe i","249","4.9","4.7","Jet Black","Rear-wheel Drive","34","Gasoline","8-Speed Automatic","2","4","86605","Sedan","4"
"530550","2020","X5 xDrive40i","340","4.7","4.7","Black Sapphire Metallic","All-wheel Drive","26","Gasoline","8-Speed Automatic","3","6","53021","SUV","4"
"4881420","2016","X5 xDrive35i","306","4.8","4.8","Carbon Black Metallic","All-wheel Drive","24","Gasoline","8-Speed Automatic","3","6","86843","SUV","4"
"3266730","2020","X3 xDrive30i","249","4.9","4.6","Blue Metallic","All-wheel Drive","29","Gasoline","8-Speed Automatic","2","4","11967","SUV","4"
"3689550","2020","X5 xDrive40i","340","4.7","4.4","Black Sapphire Metallic","All-wheel Drive","26","Gasoline","8-Speed Automatic","3","6","19885","SUV","4"
"4364550","2020","X5 sDrive40i","340","4.7","4.9","Dark Graphite Metallic","Rear-wheel Drive","26","Gasoline","8-Speed Automatic","3","6","31603","Crossover","4"
"3323340","2019","X5 xDrive40i","340","4.7","4.7","Mineral White Metallic","All-wheel Drive","26","Gasoline","8-Speed Automatic","3","6","55931","SUV","4"
"1529910","2018","X3 xDrive30i","249","4.8","4.7","Alpine White","All-wheel Drive","29","Gasoline","8-Speed Automatic","2","4","36090","SUV","4"
"7019910","2021","X1 xDrive28i","231","5","4.7","Black Sapphire Metallic","All-wheel Drive","31","Gasoline","8-Speed Automatic","2","4","10670","SUV","4"
"2519820","2018","X3 M40i","360","4.8","4.4","Dark Graphite Metallic","All-wheel Drive","27","Gasoline","8-Speed Automatic","3","6","19772","SUV","4"
"3329010","2019","X5 xDrive40i","340","4.7","4.7","Jet Black","All-wheel Drive","26","Gasoline","8-Speed Automatic","3","6","44840","SUV","4"
"2118060","2019","330 i","258","4.9","4.4","Black Sapphire Metallic","Rear-wheel Drive","36","Gasoline","8-Speed Automatic","2","4","20735","Sedan","4"
"197010","2019","330 i xDrive","258","4.9","4.9","Black Sapphire Metallic","All-wheel Drive","34","Gasoline","8-Speed Automatic","2","4","49676","Sedan","4"
"3321900","2013","X3 xDrive28i","245","4.2","4.5","Titanium Silver Metallic","All-wheel Drive","28","Gasoline","8-Speed Automatic","2","4","85716","SUV","4"
"1079910","2020","X7 xDrive40i","381","4.9","5","Alpine White","All-wheel Drive","25","Gasoline","8-Speed Automatic","3","6","22859","SUV","4"
"3779910","2015","435 Gran Coupe i","241","4.9","4.9","Carbon Black Metallic","Rear-wheel Drive","32","Gasoline","8-Speed Automatic","3","6","100256","Sedan","4"
"4553370","2019","X5 xDrive40i","340","4.7","4.8","Arctic Gray Metallic","All-wheel Drive","26","Gasoline","8-Speed Automatic","3","6","36515","SUV","4"
"539730","2016","X3 xDrive35i","306","4.6","2.8","Silver","All-wheel Drive","27","Gasoline","8-Speed Automatic","3","6","56637","SUV","4"
"Not Priced","2018","530 i","231","4.8","4.6","White","Rear-wheel Drive","34","Gasoline","8-Speed Automatic","2","4","30661","Sedan","4"
"4044870","2018","X1 xDrive28i","231","4.8","4.4","Dark Olive Metallic","All-wheel Drive","31","Gasoline","8-Speed Automatic","2","4","38749","SUV","4"
"6630930","2018","X1 xDrive28i","231","4.8","2.9","Alpine White","All-wheel Drive","31","Gasoline","8-Speed Automatic","2","4","30541","SUV","4"
"2789550","2016","X1 xDrive 28i","231","4.6","4.7","White Metallic","All-wheel Drive","32","Gasoline","8-Speed Automatic","2","4","81894","SUV","4"
"2429820","2018","540 i","340","4.8","3.9","Carbon Black Metallic","Rear-wheel Drive","30","Gasoline","8-Speed Automatic","3","6","59339","Sedan","4"
"3778650","2015","328 i xDrive","245","4.7","4.7","Black","All-wheel Drive","33","Gasoline","8-Speed Automatic","2","4","45325","Sedan","4"
"6703290","2011","X5 xDrive35i","306","4.3","4.6","Black Sapphire Metallic","All-wheel Drive","23","Gasoline","8-Speed Automatic","3","6","88560","SUV","4"
"329130","2021","330 i","258","4.9","4.4","White","Rear-wheel Drive","36","Gasoline","8-Speed Automatic","2","4","13084","Sedan","4"
"3230820","2019","X5 xDrive40i","340","4.7","4.6","Arctic Gray Metallic","All-wheel Drive","26","Gasoline","8-Speed Automatic","3","6","39974","SUV","4"
"6299550","2020","X5 xDrive40i","340","4.7","4.9","Phytonic Blue Metallic","All-wheel Drive","26","Gasoline","8-Speed Automatic","3","6","21263","SUV","4"
"3324060","2019","540 i xDrive","340","4.9","4.6","Mineral White Metallic","All-wheel Drive","29","Gasoline","8-Speed Automatic","3","6","34526","Sedan","4"
"4053690","2018","X5 xDrive35i","306","4.8","4.7","Jet Black","All-wheel Drive","24","Gasoline","8-Speed Automatic","3","6","21463","SUV","4"
"6479190","2020","X7 xDrive40i","381","4.9","4.4","Carbon Black Metallic","All-wheel Drive","25","Gasoline","8-Speed Automatic","3","6","16691","SUV","4"
"3015090","2020","X3 xDrive30i","249","4.9","3.7","Dark Graphite Metallic","All-wheel Drive","29","Gasoline","8-SPEED A/T","2","4","67570","SUV","4"
"6707070","2020","X5 xDrive40i","340","4.7","4.8","Alpine White","All-wheel Drive","26","Gasoline","8-Speed Automatic","3","6","10422","SUV","4"
"6209820","2018","320 i","184","4.9","4.5","Silver","Rear-wheel Drive","35","Gasoline","8-Speed Automatic","2","4","47094","Sedan","4"
"5527080","2016","X6 xDrive35i","306","4.8","4.4","Space Gray Metallic","All-wheel Drive","24","Gasoline","8-Speed Automatic","3","6","38144","SUV","4"
"454590","2017","X3 xDrive28i","245","4.8","4.5","Black Sapphire Metallic","All-wheel Drive","28","Gasoline","8-Speed Automatic","2","4","50296","SUV","4"
"3779550","2020","X7 xDrive40i","381","4.9","4.7","Black Sapphire Metallic","All-wheel Drive","25","Gasoline","8-Speed Automatic","3","6","17431","SUV","4"
"616410","2020","X3 xDrive30i","249","4.9","5","Phytonic Blue Metallic","All-wheel Drive","29","Gasoline","8-Speed Automatic","2","4","49870","SUV","4"
"626850","2019","330 i xDrive","258","4.9","5","Jet Black","All-wheel Drive","34","Gasoline","8-Speed Automatic","2","4","32558","Sedan","4"
"611550","2019","X3 xDrive30i","249","4.7","4.7","Jet Black","All-wheel Drive","29","Gasoline","8-Speed Automatic","2","4","47544","SUV","4"
"4139190","2020","750 i xDrive","450","5","4.8","Jet Black","All-wheel Drive","25","Gasoline","8-Speed Automatic","4.4","8","48074","Sedan","4"
"5129910","2018","540 i","340","4.8","3.9","Carbon Black Metallic","Rear-wheel Drive","30","Gasoline","8-Speed Automatic","3","6","59339","Sedan","4"
"1437930","2021","X3 sDrive30i","249","4.7","4.5","Dark Graphite","Rear-wheel Drive","29","Gasoline","8-Speed Automatic","2","4","22575","Crossover","4"
"5029920","2020","X7 xDrive40i","381","4.9","4.7","Alpine White","All-wheel Drive","25","Gasoline","8-Speed Automatic","3","6","38547","SUV","4"
"6299550","2016","X6 xDrive35i","306","4.8","4.8","Carbon Black Metallic","All-wheel Drive","24","Gasoline","8-Speed Automatic","3","6","86271","SUV","4"
"323550","2020","M4 Base","431","4.9","4.6","Black","Rear-wheel Drive","25","Gasoline","7-Speed Automatic with Auto-Shift","3","6","16870","Coupe","2"
"4859820","2020","X7 xDrive40i","381","4.9","2.1","Black","All-wheel Drive","25","Gasoline","8-Speed Automatic","3","6","53480","SUV","4"
"2389410","2021","X5 xDrive40i","340","4.8","4.8","Phytonic Blue Metallic","All-wheel Drive","25","Gasoline","8-Speed Automatic","3","6","19580","SUV","4"
"4608810","2019","X5 xDrive40i","340","4.7","4.5","Jet Black","All-wheel Drive","26","Gasoline","8-Speed Automatic","3","6","47996","SUV","4"
"5759550","2022","X2 xDrive28i","231","4.8","4.7","Black Sapphire Metallic","All-wheel Drive","31","Gasoline","8-Speed Automatic","2","4","10773","SUV","4"
"3743550","2019","X7 xDrive40i","381","4.1","4.5","Black Sapphire Metallic","All-wheel Drive","25","Gasoline","8-Speed Automatic","3","6","30439","SUV","4"
"2879820","2019","X7 xDrive50i","530","4.1","4.9","Black Sapphire Metallic","All-wheel Drive","21","Gasoline","8-Speed Automatic","4.4","8","42655","SUV","4"
"2969550","2020","X3 M Base (A8)","510","4.6","4.9","Black Sapphire Metallic","All-wheel Drive","19","Gasoline","8-Speed Automatic","3","6","10672","SUV","4"
"4229730","2015","M4 Base","431","4.8","4.6","Mineral White Metallic","Rear-wheel Drive","26","Gasoline","7-Speed Automatic with Auto-Shift","3","6","45964","Coupe","2"
"4949550","2020","X5 xDrive40i","340","4.7","4.7","Jet Black","All-wheel Drive","26","Gasoline","8-Speed Automatic","3","6","15541","SUV","4"
"3554010","2013","X3 xDrive28i","245","4.2","4.1","Black","All-wheel Drive","28","Gasoline","8-Speed Automatic","2","4","81499","SUV","4"
"337320","2019","X5 xDrive40i","340","4.7","5","–","All-wheel Drive","26","Gasoline","8-Speed Automatic","3","6","38106","SUV","4"
"3396870","2020","X7 xDrive40i","381","4.9","4.9","Jet Black","All-wheel Drive","25","Gasoline","8-Speed Automatic","3","6","25361","SUV","4"
"301410","2019","530 i xDrive","249","4.8","3.7","Black","All-wheel Drive","33","Gasoline","8-Speed Automatic","2","4","33814","Sedan","4"
"557550","2019","X5 xDrive40i","340","4.7","2.7","Black","All-wheel Drive","26","Gasoline","8-Speed Automatic","3","6","41114","SUV","4"
"3239910","2017","X3 xDrive28i","245","4.8","4.6","Jet Black","All-wheel Drive","28","Gasoline","8-Speed Automatic","2","4","67935","SUV","4"
"5418720","2019","X5 xDrive40i","340","4.7","5","–","All-wheel Drive","26","Gasoline","8-Speed Automatic","3","6","38106","SUV","4"
"3419550","2018","X2 sDrive28i","231","4.7","4.3","Mineral Gray Metallic","Front-wheel Drive","32","Gasoline","8-Speed Automatic","2","4","47986","Crossover","4"
"3553830","2020","M340 i xDrive","387","4.9","4.9","Black Sapphire Metallic","All-wheel Drive","30","Gasoline","8-Speed Automatic","3","6","33550","Sedan","4"
"3679920","2020","X5 xDrive40i","340","4.7","4.5","Carbon Black Metallic","All-wheel Drive","26","Gasoline","8-Speed Automatic","3","6","19357","SUV","4"
"3504780","2021","330 i","258","4.9","4.7","Jet Black","Rear-wheel Drive","36","Gasoline","8-Speed Automatic","2","4","14815","Sedan","4"
"2821050","2020","X7 xDrive40i","381","4.9","4.9","Jet Black","All-wheel Drive","25","Gasoline","8-Speed Automatic","3","6","25361","SUV","4"
"4029570","2018","330 i xDrive","258","4.8","5","Gray","All-wheel Drive","33","Gasoline","8-Speed Automatic","2","4","31660","Sedan","4"
"4859550","2019","330 i xDrive","258","4.9","4.6","Black","All-wheel Drive","34","Gasoline","8-Speed Automatic","2","4","49347","Sedan","4"
"2833920","2019","540 i xDrive","340","4.9","4.7","Carbon Black Metallic","All-wheel Drive","29","Gasoline","8-Speed Automatic","3","6","25174","Sedan","4"
"4668930","2020","X5 xDrive40i","340","4.7","4.6","Carbon Black Metallic","All-wheel Drive","26","Gasoline","8-Speed Automatic","3","6","30523","SUV","4"
"6749820","2019","X5 xDrive40i","340","4.7","4.8","Black Sapphire Metallic","All-wheel Drive","26","Gasoline","8-Speed Automatic","3","6","40157","SUV","4"
"2969730","2021","330 i","258","4.9","4.8","Black Sapphire Metallic","Rear-wheel Drive","36","Gasoline","8-Speed Automatic","2","4","24740","Sedan","4"
"562410","2020","X3 sDrive30i","249","4.9","4.3","Jet Black","Rear-wheel Drive","29","Gasoline","8-Speed Automatic","2","4","36293","Crossover","4"
"6389730","2019","X3 xDrive30i","249","4.7","4.1","Alpine White","All-wheel Drive","29","Gasoline","8-Speed Automatic","2","4","31362","SUV","4"
"4229550","2018","X2 xDrive28i","231","4.7","4.8","Black Sapphire Metallic","All-wheel Drive","31","Gasoline","8-Speed Automatic","2","4","36673","SUV","4"
"1169910","2018","M3 Base","473","4.5","3.7","White","Rear-wheel Drive","25","Gasoline","7-Speed Automatic with Auto-Shift","3","6","43219","Sedan","2"
"4186080","2020","X3 xDrive30i","249","4.9","4.8","Silver","All-wheel Drive","29","Gasoline","8-Speed Automatic","2","4","24286","SUV","4"
"1349550","2021","X5 xDrive40i","340","4.8","4.4","Alpine White","All-wheel Drive","25","Gasoline","8-Speed Automatic","3","6","21906","SUV","4"
"2879820","2019","330 i xDrive","258","4.9","4.7","Gray","All-wheel Drive","34","Gasoline","8-Speed Automatic","2","4","39718","Sedan","4"
"7073550","2018","540 i","340","4.8","3.9","Bluestone Metallic","Rear-wheel Drive","30","Gasoline","8-Speed Automatic","3","6","51072","Sedan","4"
"2879820","2018","X5 xDrive35i","306","4.8","4.6","Glacier Silver Metallic","All-wheel Drive","24","Gasoline","8-Speed Automatic","3","6","57330","SUV","4"
"3059820","2019","X3 xDrive30i","249","4.7","4.3","Black Sapphire Metallic","All-wheel Drive","29","Gasoline","8-Speed Automatic","2","4","37486","SUV","4"
"6029820","2017","X5 xDrive35i","306","4.7","4.5","Mineral White Metallic","All-wheel Drive","24","Gasoline","8-Speed Automatic","3","6","71989","SUV","4"
"3554010","2015","M4 Base","431","4.8","3.4","Orange","Rear-wheel Drive","26","Gasoline","7-Speed Automatic with Auto-Shift","3","6","38452","Coupe","2"
"3367440","2022","X2 M35i","306","4.8","4.7","Black Sapphire Metallic","All-wheel Drive","30","Gasoline","8-Speed Automatic","2","4","12610","SUV","4"
"382320","2019","X5 xDrive40i","340","4.7","4.4","Mineral White Metallic","All-wheel Drive","26","Gasoline","8-Speed Automatic","3","6","25265","SUV","4"
"8729550","2018","X1 xDrive28i","231","4.8","4.5","Glacier Silver Metallic","All-wheel Drive","31","Gasoline","8-Speed Automatic","2","4","25021","SUV","4"
"5110830","2019","X5 xDrive40i","340","4.7","4.5","White Metallic","All-wheel Drive","26","Gasoline","8-Speed Automatic","3","6","47105","SUV","4"
"2698920","2019","M850 i xDrive","530","5","4.1","Black Sapphire Metallic","All-wheel Drive","25","Gasoline","8-Speed Automatic","4.4","8","32107","Coupe","2"
"5121900","2018","328d xDrive","180","4.8","2.1","Mineral Gray Metallic","All-wheel Drive","40","Diesel","8-Speed Automatic","2","4","30498","Sedan","4"
"4499550","2020","X7 xDrive40i","381","4.9","4.7","Dark Graphite","All-wheel Drive","25","Gasoline","8-Speed Automatic","3","6","58913","SUV","4"
"1907280","2018","M6 Base","560","5","4.6","San Marino Blue Metallic","Rear-wheel Drive","20","Gasoline","7-Speed Automatic with Auto-Shift","4.4","8","45268","Coupe","2"
"5129820","2019","540 i xDrive","340","4.9","4.5","Glacier Silver Metallic","All-wheel Drive","29","Gasoline","8-Speed Automatic","3","6","19848","Sedan","4"
"382320","2011","X3 xDrive28i","245","4.7","4.4","Black","All-wheel Drive","25","Gasoline","8-Speed Automatic","3","6","73361","SUV","4"
"3510270","2019","Z4 sDrive30i","197","5","4.5","Metallic","Rear-wheel Drive","32","Gasoline","8-Speed Automatic","2","4","23504","Roadster","2"
"3489930","2013","X5 xDrive35i","306","4.6","4.2","Silver Metallic","All-wheel Drive","23","Gasoline","8-Speed Automatic","3","6","50569","SUV","4"
"322920","2018","430 Gran Coupe i xDrive","249","4.9","4.6","Alpine White","All-wheel Drive","33","Gasoline","8-Speed Automatic","2","4","27233","Sedan","4"
"3779550","2020","X5 M50i","530","4.7","4.8","Phytonic Blue Metallic","All-wheel Drive","22","Gasoline","8-Speed Automatic","4.4","8","16615","SUV","4"
"2429550","2018","X1 xDrive28i","231","4.8","4","Black","All-wheel Drive","31","Gasoline","8-Speed Automatic","2","4","43085","SUV","4"
"310410","2020","430 i","258","4.9","4.6","Black","Rear-wheel Drive","34","Gasoline","8-Speed Automatic","2","4","16495","Coupe","2"
"6021900","2020","X7 xDrive40i","381","4.9","2.7","Black","All-wheel Drive","25","Gasoline","8-Speed Automatic","3","6","46077","SUV","4"
"686970","2020","X3 xDrive30i","249","4.9","3","Dark Graphite Metallic","All-wheel Drive","29","Gasoline","8-Speed Automatic","2","4","48104","SUV","4"
"4931550","2019","X3 xDrive30i","249","4.7","4.1","Alpine White","All-wheel Drive","29","Gasoline","8-Speed Automatic","2","4","37042","SUV","4"
"3487230","2019","540 i","340","4.9","4.3","Blue Metallic","Rear-wheel Drive","29","Gasoline","8-Speed Automatic","3","6","48501","Sedan","4"
"2699910","2020","M5 Competition","625","5","4.2","Gray Metallic","All-wheel Drive","21","Gasoline","8-Speed Automatic","4.4","8","17748","Sedan","4"
"4679910","2018","M3 CS","542","4.5","4.6","Azurite Black Metallic","Rear-wheel Drive","25","Gasoline","6-Speed Manual","3","6","53388","Sedan","4"
"332820","2018","X3 M40i","360","4.8","3.4","White","All-wheel Drive","27","Gasoline","8-Speed Automatic","3","6","38516","SUV","4"
"3863880","2018","X1 xDrive28i","231","4.8","4.3","Alpine White","All-wheel Drive","31","Gasoline","8-Speed Automatic","2","4","40300","SUV","4"
"4186170","2017","M3 Base","473","4.7","4.4","Red","Rear-wheel Drive","26","Gasoline","6-Speed Manual","3","6","44178","Sedan","2"
"3419820","2019","X5 xDrive40i","340","4.7","4.1","Phytonic Blue Metallic","All-wheel Drive","26","Gasoline","8-Speed Automatic","3","6","48150","SUV","4"
"2329740","2016","X1 xDrive 28i","231","4.6","4.7","Alpine White","All-wheel Drive","32","Gasoline","8-Speed Automatic","2","4","84089","SUV","4"
"602550","2020","X5 xDrive40i","340","4.7","5","Gray","All-wheel Drive","26","Gasoline","8-Speed Automatic","3","6","26862","SUV","4"
"3283650","2021","X3 sDrive30i","249","4.7","4.3","Jet Black","Rear-wheel Drive","29","Gasoline","8-Speed Automatic","2","4","34572","Crossover","4"
"3315870","2018","X1 xDrive28i","231","4.8","4.8","Black Sapphire Metallic","All-wheel Drive","31","Gasoline","8-Speed Automatic","2","4","30729","SUV","4"
"4499370","2018","X5 xDrive35i","306","4.8","4.5","Glacier Silver Metallic","All-wheel Drive","24","Gasoline","8-Speed Automatic","3","6","57776","SUV","4"
"3464550","2022","X1 sDrive28i","231","5","4.6","Black Sapphire Metallic","Front-wheel Drive","33","Gasoline","8-Speed Automatic","2","4","5645","Crossover","4"
"3142710","2019","330 i xDrive","258","4.9","4.3","Jet Black","All-wheel Drive","34","Gasoline","8-Speed Automatic","2","4","34132","Sedan","4"
"4976820","2018","X1 xDrive28i","231","4.8","4.8","Black","All-wheel Drive","31","Gasoline","8-Speed Automatic","2","4","61612","SUV","4"
"3500820","2015","M4 Base","431","4.8","2.3","Black Sapphire Metallic","Rear-wheel Drive","26","Gasoline","6 speed manual","3","6","82945","Coupe","2"
"2249550","2018","430 Gran Coupe i xDrive","249","4.9","3.5","Red","All-wheel Drive","33","Gasoline","Automatic","2","4","31387","Sedan","4"
"3419550","2019","X1 xDrive28i","231","4.7","4.8","Mineral White Metallic","All-wheel Drive","31","Gasoline","8-Speed Automatic","2","4","17917","SUV","4"
"3630510","2019","X7 xDrive40i","381","4.1","4","Black Sapphire Metallic","All-wheel Drive","25","Gasoline","8-Speed Automatic","3","6","46803","SUV","4"
"3419730","2020","X7 xDrive40i","381","4.9","4.6","Jet Black","All-wheel Drive","25","Gasoline","8-SPEED A/T","3","6","14429","SUV","4"
"2385900","2019","750 i xDrive","450","5","4.4","Black Sapphire Metallic","All-wheel Drive","25","Gasoline","8-Speed Automatic","4.4","8","56938","Sedan","4"
"4903920","2018","X5 xDrive35i","306","4.8","4.9","Metallic","All-wheel Drive","24","Gasoline","8-Speed Automatic","3","6","53022","SUV","4"
"3473910","2016","X5 xDrive35i","306","4.8","4.9","Black Sapphire Metallic","All-wheel Drive","24","Gasoline","8-Speed Automatic","3","6","79777","SUV","4"
"4479930","2019","X5 xDrive40i","340","4.7","4.5","White","All-wheel Drive","26","Gasoline","8-Speed Automatic","3","6","13942","SUV","4"
"3081060","2020","X3 sDrive30i","249","4.9","4.3","Dark Graphite","Rear-wheel Drive","29","Gasoline","8-Speed Automatic","2","4","46585","Crossover","4"
"3599820","2019","330 i xDrive","258","4.9","4.5","Portimao Blue Metallic","All-wheel Drive","34","Gasoline","8-Speed Automatic","2","4","12033","Sedan","4"
"4985820","2019","X5 xDrive40i","340","4.7","4.9","Gray Metallic","All-wheel Drive","26","Gasoline","8-Speed Automatic","3","6","36600","SUV","4"
"4229550","2021","X3 xDrive30i","249","4.7","4.6","White Metallic","All-wheel Drive","29","Gasoline","8-Speed Automatic","2","4","22395","SUV","4"
"2609820","2016","X5 xDrive35i","306","4.8","4","White","All-wheel Drive","24","Gasoline","8-Speed Automatic","3","6","34722","SUV","4"
"4499190","2019","X5 xDrive40i","340","4.7","4.7","Jet Black","All-wheel Drive","26","Gasoline","8-Speed Automatic","3","6","44840","SUV","4"
"3599730","2018","328d Base","190","4.8","4.4","Mineral Gray Metallic","Rear-wheel Drive","43","Diesel","8-Speed Automatic","2","4","48689","Sedan","4"
"3401820","2019","X7 xDrive40i","381","4.1","4.9","Black Sapphire Metallic","All-wheel Drive","25","Gasoline","8-Speed Automatic","3","6","44544","SUV","4"
"220050","2018","540 i","340","4.8","3.9","Dark Graphite","Rear-wheel Drive","30","Gasoline","8-Speed Automatic","3","6","59734","Sedan","4"
"1034910","2019","X3 xDrive30i","249","4.7","4.4","Jet Black","All-wheel Drive","29","Gasoline","8-Speed Automatic","2","4","41142","SUV","4"
"2789550","2019","X5 xDrive40i","340","4.7","4.6","Phytonic Blue Metallic","All-wheel Drive","26","Gasoline","8-Speed Automatic","3","6","36506","SUV","4"
"409320","2019","540 i xDrive","340","4.9","3.4","Alpine White","All-wheel Drive","29","Gasoline","8-Speed Automatic","3","6","58693","Sedan","4"
"4139910","2019","X3 sDrive30i","249","4.7","4.6","Alpine White","Rear-wheel Drive","30","Gasoline","8-Speed Automatic","2","4","37559","Crossover","4"
"1952820","2019","X5 xDrive40i","340","4.7","4.7","Black","All-wheel Drive","26","Gasoline","8-Speed Automatic","3","6","16530","SUV","4"
"6659820","2019","X5 xDrive40i","340","4.7","4.9","Alpine White","All-wheel Drive","26","Gasoline","8-Speed Automatic","3","6","51130","SUV","4"
"2690190","2021","X1 xDrive28i","231","5","4.9","Storm Bay Metallic","All-wheel Drive","31","Gasoline","8-Speed Automatic","2","4","13273","SUV","4"
"3816900","2018","330 i xDrive","258","4.8","3.4","Alpine White","All-wheel Drive","33","Gasoline","8-Speed Automatic","2","4","34973","Sedan","4"
"3689550","2017","M240 i","387","4.7","4.7","White","Rear-wheel Drive","32","Gasoline","8-Speed Automatic","3","6","30778","Coupe","2"
"3689550","2019","X3 xDrive30i","249","4.7","3","Glacier Silver Metallic","All-wheel Drive","29","Gasoline","8-Speed Automatic","2","4","13637","SUV","4"
"4769910","2017","X5 sDrive35i","306","4.7","4.7","Black Sapphire Metallic","Rear-wheel Drive","25","Gasoline","8-Speed Automatic","3","6","60267","Crossover","4"
"3509820","2018","X2 xDrive28i","231","4.7","4.3","Mineral Gray Metallic","All-wheel Drive","31","Gasoline","8-Speed Automatic","2","4","61172","SUV","4"
"5538060","2016","X3 xDrive28i","245","4.6","3.5","Red","All-wheel Drive","28","Gasoline","8-Speed Automatic","2","4","39534","SUV","4"
"287910","2019","740 i","380","4.5","4.7","Mineral White Metallic","Rear-wheel Drive","29","Gasoline","8-Speed Automatic","3","6","31625","Sedan","4"
"3239820","2021","X1 xDrive28i","231","5","4.9","Storm Bay Metallic","All-wheel Drive","31","Gasoline","8-Speed Automatic","2","4","13273","SUV","4"
"3509550","2018","X5 xDrive35i","306","4.8","4.7","Jet Black","All-wheel Drive","24","Gasoline","8-Speed Automatic","3","6","38486","SUV","4"
"511920","2020","M340 i xDrive","387","4.9","1.6","Alpine White","All-wheel Drive","30","Gasoline","8-Speed Automatic","3","6","40805","Sedan","4"
"364410","2018","X2 xDrive28i","231","4.7","4.5","Alpine White","All-wheel Drive","31","Gasoline","8-Speed Automatic","2","4","34479","SUV","4"
"3232080","2016","X5 xDrive35i","306","4.8","1.8","Gray","All-wheel Drive","24","Gasoline","8-Speed Automatic","3","6","35050","SUV","4"
"5129550","2020","X3 M40i","360","4.9","3","Dark Graphite","All-wheel Drive","27","Gasoline","8-Speed Automatic","3","6","16343","SUV","4"
"1113030","2019","640 Gran Turismo i xDrive","340","4.7","4.5","Carbon Black Metallic","All-wheel Drive","28","Gasoline","8-Speed Automatic","3","6","24630","Hatchback","4"
"1394910","2017","X3 xDrive28i","245","4.8","4.5","Black","All-wheel Drive","28","Gasoline","8-Speed Automatic","2","4","54047","SUV","4"
"404010","2019","X5 xDrive40i","340","4.7","3.3","Black Sapphire Metallic","All-wheel Drive","26","Gasoline","8-Speed Automatic","3","6","50841","SUV","4"
"2249640","2021","228 Gran Coupe i xDrive","228","5","4.6","Mineral Gray Metallic","All-wheel Drive","33","Gasoline","8-Speed Automatic","2","4","10268","Coupe","2"
"2519550","2017","X5 xDrive35i","306","4.7","4.7","Black Sapphire Metallic","All-wheel Drive","24","Gasoline","8-Speed Automatic","3","6","44852","SUV","4"
"2865060","2018","328d Base","190","4.8","4.4","Mineral Gray Metallic","Rear-wheel Drive","43","Diesel","8-Speed Automatic","2","4","48689","Sedan","4"
"8341830","2016","X1 xDrive 28i","231","4.6","3.5","White Metallic","All-wheel Drive","32","Gasoline","8-Speed Automatic","2","4","47732","SUV","4"
"3509820","2019","X4 xDrive30i","245","4.6","4.3","Dark Graphite","All-wheel Drive","29","Gasoline","8-Speed Automatic","2","4","30537","Wagon","4"
"348750","2013","328 i xDrive","245","4.6","3.7","Blue","All-wheel Drive","33","Gasoline","8-Speed Automatic","2","4","87322","Sedan","4"
"3329820","2019","330 i xDrive","258","4.9","5","Jet Black","All-wheel Drive","34","Gasoline","8-Speed Automatic","2","4","32558","Sedan","4"
"3329820","2018","X3 xDrive30i","249","4.8","4.7","Alpine White","All-wheel Drive","29","Gasoline","8-Speed Automatic","2","4","36090","SUV","4"
"629910","2018","328d Base","190","4.8","4.5","Jet Black","Rear-wheel Drive","43","Diesel","8-Speed Automatic","2","4","24935","Sedan","4"
"4319910","2019","X4 xDrive30i","245","4.6","4.3","White Metallic","All-wheel Drive","29","Gasoline","8-Speed Automatic","2","4","33101","Wagon","4"
"2687940","2021","530 i","213","5","4.5","–","Rear-wheel Drive","33","Gasoline","8-Speed Automatic","2","4","55953","Sedan","4"
"283410","2014","328 Gran Turismo i xDrive","245","4.9","4.7","Mineral Gray","All-wheel Drive","33","Gasoline","8-Speed Automatic","2","4","36557","Hatchback","4"
"4446900","2020","X7 xDrive40i","381","4.9","3","Black","All-wheel Drive","25","Gasoline","8-Speed Automatic","3","6","16188","SUV","4"
"3563190","2016","X5 xDrive35i","306","4.8","4.7","Mineral White Metallic","All-wheel Drive","24","Gasoline","8-Speed Automatic","3","6","72533","SUV","4"
"2609640","2021","X3 sDrive30i","249","4.7","4.5","Phytonic Blue Metallic","Rear-wheel Drive","29","Gasoline","8-Speed Automatic","2","4","19149","Crossover","4"
"4049820","2019","X7 xDrive50i","530","4.1","4.4","Mineral White Metallic","All-wheel Drive","21","Gasoline","8-Speed Automatic","4.4","8","27289","SUV","4"
"2923920","2019","540 i","340","4.9","4.5","Black Sapphire Metallic","Rear-wheel Drive","29","Gasoline","8-Speed Automatic","3","6","44972","Sedan","4"
"6803640","2013","328 i xDrive","245","4.6","3.7","White Metallic","All-wheel Drive","33","Gasoline","8-Speed Automatic","2","4","106830","Sedan","4"
"2731050","2022","X2 xDrive28i","231","4.8","4.7","Phytonic Blue Metallic","All-wheel Drive","31","Gasoline","8-Speed Automatic","2","4","10570","SUV","4"
"2249550","2019","X5 xDrive40i","340","4.7","4.3","Dark Graphite Metallic","All-wheel Drive","26","Gasoline","8-Speed Automatic","3","6","22741","SUV","4"
"6633900","2020","X3 sDrive30i","249","4.9","2.7","Black","Rear-wheel Drive","29","Gasoline","8-Speed Automatic","2","4","21337","Crossover","4"
"2779920","2019","X5 xDrive40i","340","4.7","4.2","Alpine White","All-wheel Drive","26","Gasoline","8-Speed Automatic","3","6","14562","SUV","4"
"4040550","2018","X1 xDrive28i","231","4.8","4.9","Blue Metallic","All-wheel Drive","31","Gasoline","8-Speed Automatic","2","4","18069","SUV","4"
"4409550","2020","M340 i xDrive","387","4.9","4.9","Black Sapphire Metallic","All-wheel Drive","30","Gasoline","8-Speed Automatic","3","6","33550","Sedan","4"
"1430460","2019","X3 xDrive30i","249","4.7","3.6","Black","All-wheel Drive","29","Gasoline","8-Speed Automatic","2","4","49088","SUV","4"
"4856670","2019","330 i xDrive","258","4.9","3.7","Mediterranean Blue Metallic","All-wheel Drive","34","Gasoline","8-Speed Automatic","2","4","25098","Sedan","4"
"575730","2019","X5 xDrive40i","340","4.7","4.7","Arctic Gray Metallic","All-wheel Drive","26","Gasoline","8-Speed Automatic","3","6","22079","SUV","4"
"3297510","2019","540 i","340","4.9","4.4","Dark Graphite","Rear-wheel Drive","29","Gasoline","8-Speed Automatic","3","6","50970","Sedan","4"
"373410","2019","330 i","258","4.9","4.1","Alpine White","Rear-wheel Drive","36","Gasoline","8-Speed Automatic","2","4","32745","Sedan","4"
"2439810","2020","X5 xDrive40i","340","4.7","4.7","Jet Black","All-wheel Drive","26","Gasoline","8-Speed Automatic","3","6","12619","SUV","4"
"3014910","2020","M340 i","387","4.9","4.7","Black Sapphire Metallic","Rear-wheel Drive","30","Gasoline","8-Speed Automatic","3","6","20560","Sedan","4"
"5050800","2019","X1 sDrive28i","231","4.7","4.9","Blue Metallic","Front-wheel Drive","32","Gasoline","8-Speed Automatic","2","4","33480","Crossover","4"
"1754820","2013","X3 xDrive28i","245","4.2","4.5","Black","All-wheel Drive","28","Gasoline","8-Speed Automatic","2","4","67462","SUV","4"
"6704010","2021","X3 sDrive30i","249","4.7","4.6","Black","Rear-wheel Drive","29","Gasoline","8-Speed Automatic","2","4","16120","Crossover","4"
"4769550","2017","X1 xDrive 28i","231","4.7","2","Estoril Blue Metallic","All-wheel Drive","31","Gasoline","8-Speed Automatic","2","4","80481","SUV","4"
"3194550","2019","X5 xDrive40i","340","4.7","4.6","Arctic Gray Metallic","All-wheel Drive","26","Gasoline","8-Speed Automatic","3","6","39974","SUV","4"
"1514610","2016","X5 xDrive35i","306","4.8","3.8","Blue","All-wheel Drive","24","Gasoline","8-Speed Automatic","3","6","80236","SUV","4"
"3599820","2019","X1 xDrive28i","231","4.7","2.5","Glacier Silver Metallic","All-wheel Drive","31","Gasoline","8-Speed Automatic","2","4","26700","SUV","4"
"2531250","2019","M850 i xDrive","530","5","3.9","Barcelona Blue Metallic","All-wheel Drive","26","Gasoline","8-Speed Automatic","4.4","8","16890","Coupe","2"
"5363730","2020","330 i","258","4.6","4.2","Mineral Gray Metallic","Rear-wheel Drive","36","Gasoline","8-Speed Automatic","2","4","35633","Sedan","4"
"359820","2019","330 i","258","4.9","4.5","Mineral Gray Metallic","Rear-wheel Drive","36","Gasoline","8-SPEED A/T","3","4","10198","Sedan","4"
"5489010","2018","X3 xDrive30i","249","4.8","2.9","Black","All-wheel Drive","29","Gasoline","8-Speed Automatic","2","4","23939","SUV","4"
"3841560","2018","X3 xDrive30i","249","4.8","2.9","Gray","All-wheel Drive","29","Gasoline","8-Speed Automatic","2","4","42158","SUV","4"
"5579910","2019","750 i xDrive","450","5","4.7","Black Sapphire Metallic","All-wheel Drive","25","Gasoline","8-Speed Automatic","4.4","8","32356","Sedan","4"
"5309550","2011","X5 xDrive35i","306","4.3","4.6","Black Sapphire Metallic","All-wheel Drive","23","Gasoline","8-Speed Automatic","3","6","88560","SUV","4"
"1619910","2020","M340 i","387","4.9","4.5","White","Rear-wheel Drive","30","Gasoline","8-Speed Automatic","3","6","21952","Sedan","4"
"7819920","2017","X3 xDrive28i","245","4.8","4.5","Chestnut Bronze","All-wheel Drive","28","Gasoline","8-Speed Automatic","2","4","49689","SUV","4"
"328050","2020","330 i","258","4.6","4.3","Jet Black","Rear-wheel Drive","36","Gasoline","8-Speed Automatic","2","4","64506","Sedan","4"
"357750","2019","330 i xDrive","258","4.9","4.3","Mineral Gray Metallic","All-wheel Drive","34","Gasoline","8-Speed Automatic","2","4","31620","Sedan","4"
"4004910","2015","Z4 sDrive35is","340","4.6","4.6","Black Sapphire Metallic","Rear-wheel Drive","24","Gasoline","7-Speed Automatic with Auto-Shift","3","6","16609","Roadster","2"
"6290550","2019","330 i xDrive","258","4.9","4.9","Alpine White","All-wheel Drive","34","Gasoline","8-Speed Automatic","2","4","13808","Sedan","4"
"5489820","2017","430 i","258","4.9","2","Imperial Blue Metallic","Rear-wheel Drive","34","Gasoline","8-Speed Automatic","2","4","46076","Coupe","2"
"3509820","2017","750 i xDrive","450","4.6","2.1","White","All-wheel Drive","25","Gasoline","8-Speed Automatic","4.4","8","53871","Sedan","4"
"2969820","2017","X5 xDrive35i","306","4.7","4.6","Silver","All-wheel Drive","24","Gasoline","8-Speed Automatic","3","6","66215","SUV","4"
"170550","2017","M2 Base","460","4.9","2.3","Black Sapphire Metallic","Rear-wheel Drive","26","Gasoline","7-Speed Automatic with Auto-Shift","3","6","16189","Coupe","2"
"413550","2020","X7 xDrive40i","381","4.9","4.9","White Metallic","All-wheel Drive","25","Gasoline","8-Speed Automatic","3","6","33042","SUV","4"
"4689270","2017","X1 xDrive 28i","231","4.7","4.9","Glacier Silver Metallic","All-wheel Drive","31","Gasoline","8-Speed Automatic","2","4","37592","SUV","4"
"2573820","2016","X5 xDrive35i","306","4.8","4.5","Gray","All-wheel Drive","24","Gasoline","8-Speed Automatic","3","6","85748","SUV","4"
"3239910","2018","M2 Base","460","4.9","4.6","Black Sapphire Metallic","Rear-wheel Drive","26","Gasoline","7-Speed Automatic with Auto-Shift","3","6","33546","Coupe","2"
"1709820","2020","X7 xDrive40i","381","4.9","4.5","Dark Graphite Metallic","All-wheel Drive","25","Gasoline","8-Speed Automatic","3","6","15903","SUV","4"
"3203550","2018","X5 xDrive35i","306","4.8","3.8","Silver","All-wheel Drive","24","Gasoline","8-Speed Automatic","3","6","94264","SUV","4"
"287730","2019","X4 xDrive30i","245","4.6","4.2","Mineral White Metallic","All-wheel Drive","29","Gasoline","8-Speed Automatic","2","4","19152","Wagon","4"
"5239980","2022","X2 M35i","231","4.8","4.7","Mineral Gray Metallic","All-wheel Drive","30","Gasoline","8-Speed Automatic","2","4","10829","SUV","4"
"2944080","2014","X3 xDrive28i","245","4.7","4.6","Carbon Black Metallic","All-wheel Drive","28","Gasoline","8-Speed Automatic","2","4","106502","SUV","4"
"382050","2019","740 i xDrive","380","4.5","4.5","Alpine White","All-wheel Drive","29","Gasoline","8-Speed Automatic","3","6","25990","Sedan","4"
"3737880","2020","740 i xDrive","380","5","4.6","Black Sapphire Metallic","All-wheel Drive","28","Gasoline","8-Speed Automatic","3","6","27971","Sedan","4"
"4527450","2019","330 i xDrive","258","4.9","3","White","All-wheel Drive","34","Gasoline","8-Speed Automatic","2","4","37776","Sedan","4"
"274410","2019","X3 xDrive30i","249","4.7","4.7","Alpine White","All-wheel Drive","29","Gasoline","8-Speed Automatic","2","4","20008","SUV","4"
"161910","2016","X5 xDrive35i","306","4.8","4.7","Imperial Blue Metallic","All-wheel Drive","24","Gasoline","8-Speed Automatic","3","6","83500","SUV","4"
"5716170","2019","X3 sDrive30i","249","4.7","4.9","Black Sapphire Metallic","Rear-wheel Drive","30","Gasoline","8-Speed Automatic","2","4","48678","Crossover","4"
"2879820","2020","X5 xDrive40i","340","4.7","4.8","Alpine White","All-wheel Drive","26","Gasoline","8-Speed Automatic","3","6","20577","SUV","4"
"1502820","2014","X3 xDrive28i","245","4.7","4.6","White","All-wheel Drive","28","Gasoline","8-Speed Automatic","2","4","82005","SUV","4"
"377910","2019","M850 i xDrive","530","5","4.6","Gray Metallic","All-wheel Drive","25","Gasoline","8-Speed Automatic","4.4","8","13783","Coupe","2"
"3689730","2019","X3 xDrive30i","249","4.7","3.4","Silver","All-wheel Drive","29","Gasoline","8-Speed Automatic","2","4","31351","SUV","4"
"2609010","2019","X5 xDrive40i","340","4.7","4.8","Black Sapphire Metallic","All-wheel Drive","26","Gasoline","8-Speed Automatic","3","6","40157","SUV","4"
"3599730","2020","X5 sDrive40i","340","4.7","4.7","Arctic Gray Metallic","Rear-wheel Drive","26","Gasoline","8-Speed Automatic","3","6","50175","Crossover","4"
"485910","2019","330 i xDrive","258","4.9","4.2","Jet Black","All-wheel Drive","34","Gasoline","8-Speed Automatic","2","4","30623","Sedan","4"
"4913280","2014","528 i","245","4.7","3.6","Alpine White","Rear-wheel Drive","34","Gasoline","8-Speed Automatic","2","4","81465","Sedan","4"
"3896820","2019","X3 xDrive30i","249","4.7","3.6","Black","All-wheel Drive","29","Gasoline","8-Speed Automatic","2","4","33923","SUV","4"
"3142980","2016","X5 xDrive35i","306","4.8","4.6","Alpine White","All-wheel Drive","24","Gasoline","8-Speed Automatic","3","6","80369","SUV","4"
"3129390","2021","X3 M40i","360","4.7","4.7","Dark Graphite Metallic","All-wheel Drive","27","Gasoline","8-Speed Automatic","3","6","14098","SUV","4"
"2121480","2019","X3 xDrive30i","249","4.7","4.8","Jet Black","All-wheel Drive","29","Gasoline","8-Speed Automatic","2","4","31672","SUV","4"
"2699640","2019","X5 xDrive40i","340","4.7","4.8","Mineral White Metallic","All-wheel Drive","26","Gasoline","8-Speed Automatic","3","6","18109","SUV","4"
"6118920","2020","X7 xDrive40i","381","4.9","4.7","Dark Graphite","All-wheel Drive","25","Gasoline","8-Speed Automatic","3","6","58913","SUV","4"
"2238390","2019","X3 xDrive30i","249","4.7","4.4","Black Sapphire Metallic","All-wheel Drive","29","Gasoline","8-Speed Automatic","2","4","23331","SUV","4"
"719910","2019","X5 xDrive40i","340","4.7","4.9","Black Sapphire Metallic","All-wheel Drive","26","Gasoline","8-Speed Automatic","3","6","23989","SUV","4"
"4499910","2020","X5 sDrive40i","340","4.7","4.7","Alpine White","Rear-wheel Drive","26","Gasoline","8-Speed Automatic","3","6","24860","Crossover","4"
"3133080","2013","535 i","306","4.7","1","White","Rear-wheel Drive","30","Gasoline","8-Speed Automatic","3","6","86371","Sedan","4"
"317250","2019","M850 i xDrive","530","5","4.8","Black Sapphire Metallic","All-wheel Drive","25","Gasoline","8-Speed Automatic","4.4","8","12719","Coupe","2"
"521910","2019","330 i xDrive","258","4.9","4.7","Jet Black","All-wheel Drive","34","Gasoline","8-Speed Automatic","2","4","14955","Sedan","4"
"2928510","2018","X5 xDrive35i","306","4.8","3.6","Glacier Silver Metallic","All-wheel Drive","24","Gasoline","8-Speed Automatic","3","6","55701","SUV","4"
"4769820","2019","740 i","380","4.5","3.4","Black Sapphire Metallic","Rear-wheel Drive","29","Gasoline","8-Speed Automatic","4.4","6","42150","Sedan","4"
"6568650","2020","X7 xDrive40i","381","4.9","4.8","Black Sapphire Metallic","All-wheel Drive","25","Gasoline","8-Speed Automatic","3","6","30520","SUV","4"
"350280","2020","X5 xDrive40i","340","4.7","5","White","All-wheel Drive","26","Gasoline","8-Speed Automatic","3","6","20194","SUV","4"
"3168810","2018","X5 xDrive35i","306","4.8","4.8","Alpine White","All-wheel Drive","24","Gasoline","8-Speed Automatic","3","6","59856","SUV","4"
"5669730","2019","430 Gran Coupe i","249","4.7","4.5","Black","Rear-wheel Drive","34","Gasoline","8-Speed Automatic","2","4","19754","Sedan","4"
"265770","2013","X5 xDrive35i","306","4.6","3.5","Platinum Gray Metallic","All-wheel Drive","23","Gasoline","8-Speed Automatic","3","6","80530","SUV","4"
"4139550","2019","X5 xDrive40i","340","4.7","4.4","Mineral White Metallic","All-wheel Drive","26","Gasoline","8-Speed Automatic","3","6","25265","SUV","4"
"656820","2019","540 i","340","4.9","4.5","Alpine White","Rear-wheel Drive","29","Gasoline","8-SPEED A/T","3","6","37007","Sedan","4"
"244080","2019","540 i xDrive","340","4.9","4.8","Black Sapphire Metallic","All-wheel Drive","29","Gasoline","8-Speed Automatic","3","6","36464","Sedan","4"
"4727880","2019","X5 xDrive40i","340","4.7","4.7","White Metallic","All-wheel Drive","26","Gasoline","8-Speed Automatic","3","6","24099","SUV","4"
"5129910","2017","430 i","258","4.9","4.9","Black Sapphire Metallic","Rear-wheel Drive","34","Gasoline","8-Speed Automatic","2","4","45399","Coupe","2"
"3599550","2019","330 i xDrive","258","4.9","4.8","Jet Black","All-wheel Drive","34","Gasoline","8-Speed Automatic","2","4","22985","Sedan","4"
"3058920","2020","X3 xDrive30i","249","4.9","3.7","Dark Graphite Metallic","All-wheel Drive","29","Gasoline","8-SPEED A/T","2","4","67570","SUV","4"
"2609370","2012","328 i","230","4.5","2.7","Gray","Rear-wheel Drive","33","Gasoline","8-Speed Automatic","2","4","85495","Sedan","4"
"4959180","2019","X3 xDrive30i","249","4.7","5","Alpine White","All-wheel Drive","29","Gasoline","8-Speed Automatic","2","4","45825","SUV","4"
"4049550","2016","428 i SULEV","245","4.7","4.7","Gray","Rear-wheel Drive","34","Gasoline","8-Speed Automatic","2","4","48236","Coupe","2"
"2987550","2020","X5 xDrive40i","340","4.7","4.6","Alpine White","All-wheel Drive","26","Gasoline","8-Speed Automatic","3","6","19619","SUV","4"
"4859550","2019","530 i xDrive","249","4.8","3.7","Black","All-wheel Drive","33","Gasoline","8-Speed Automatic","2","4","33814","Sedan","4"
"3869820","2017","530 i xDrive","249","4.7","4.8","Bluestone Metallic","All-wheel Drive","33","Gasoline","8-Speed Automatic","2","4","42553","Sedan","4"
"4881060","2020","X7 xDrive40i","381","4.9","3","Alpine White","All-wheel Drive","25","Gasoline","8-Speed Automatic","3","6","34108","SUV","4"
"3131550","2017","X3 xDrive28i","245","4.8","4","Jet Black","All-wheel Drive","28","Gasoline","Automatic","2","4","36219","SUV","4"
"3599820","2020","X5 sDrive40i","340","4.7","4.9","Dark Graphite Metallic","Rear-wheel Drive","26","Gasoline","8-Speed Automatic","3","6","31603","Crossover","4"
"5354550","2020","330 i xDrive","258","4.6","4.7","Alpine White","All-wheel Drive","34","Gasoline","8-Speed Automatic","2","4","20029","Sedan","4"
"2789550","2018","340 i xDrive","374","4.9","4.5","Platinum Silver Metallic","All-wheel Drive","31","Gasoline","8-Speed Automatic","3","6","24470","Sedan","4"
"3418920","2019","540 i xDrive","340","4.9","4.4","Metallic","All-wheel Drive","29","Gasoline","8-Speed Automatic","3","6","15876","Sedan","4"
"1709550","2018","X1 xDrive28i","231","4.8","4.2","Jet Black","All-wheel Drive","31","Gasoline","8-Speed Automatic","2","4","31313","SUV","4"
"1430550","2014","X3 xDrive28i","245","4.7","4.7","Mineral Silver Metallic","All-wheel Drive","28","Gasoline","8-Speed Automatic","2","4","87400","SUV","4"
"3599820","2021","540 i xDrive","340","4.9","4.5","Black Sapphire Metallic","All-wheel Drive","31","Gasoline","8-Speed Automatic","3","6","14733","Sedan","4"
"400410","2016","535 i","306","4.7","4.6","Mineral Gray Metallic","Rear-wheel Drive","31","Gasoline","8-Speed Automatic","3","6","48304","Sedan","4"
"5849550","2021","X3 sDrive30i","249","4.7","4.5","Dark Graphite","Rear-wheel Drive","29","Gasoline","8-Speed Automatic","2","4","22575","Crossover","4"
"2969820","2014","X3 xDrive28i","245","4.7","4.8","Alpine White","All-wheel Drive","28","Gasoline","8-Speed Automatic","2","4","97382","SUV","4"
"5205420","2019","440 Gran Coupe i xDrive","326","4.8","4.8","Mineral Gray Metallic","All-wheel Drive","31","Gasoline","8-Speed Automatic","3","6","23911","Sedan","4"
"5039730","2017","X6 sDrive35i","306","4.8","4.6","Jet Black","Rear-wheel Drive","25","Gasoline","8-Speed Automatic","3","6","59721","Crossover","4"
"3558780","2018","X2 sDrive28i","231","4.7","4.9","Alpine White","Front-wheel Drive","32","Gasoline","8-Speed Automatic","2","4","36409","Crossover","4"
"2519730","2018","X5 xDrive35i","306","4.8","4.6","Black","All-wheel Drive","24","Gasoline","8-Speed Automatic","3","6","40000","SUV","4"
"2245140","2020","M340 i xDrive","387","4.9","4.6","Mineral Gray Metallic","All-wheel Drive","30","Gasoline","8-Speed Automatic","3","6","23397","Sedan","4"
"7179930","2019","X5 xDrive40i","340","4.7","4.5","Tanzanite Blue Ii Metallic","All-wheel Drive","26","Gasoline","Automatic","3","6","27425","SUV","4"
"3528630","2019","X1 xDrive28i","231","4.7","4.7","Brown Metallic","All-wheel Drive","31","Gasoline","8-Speed Automatic","2","4","45309","SUV","4"
"3149820","2019","530 i xDrive","249","4.8","4.6","Glacier Silver Metallic","All-wheel Drive","33","Gasoline","8-Speed Automatic","2","4","16985","Sedan","4"
"215910","2016","X1 xDrive 28i","231","4.6","3.5","White Metallic","All-wheel Drive","32","Gasoline","8-Speed Automatic","2","4","47732","SUV","4"
"3599820","2018","X2 xDrive28i","231","4.7","4.8","Black Sapphire Metallic","All-wheel Drive","31","Gasoline","8-Speed Automatic","2","4","21883","SUV","4"
"3394170","2017","X5 xDrive35i","306","4.7","4.8","Space Gray Metallic","All-wheel Drive","24","Gasoline","8-Speed Automatic","3","6","67558","SUV","4"
"3869820","2016","535 i xDrive","306","4.7","4.7","Black","All-wheel Drive","29","Gasoline","8-Speed Automatic","3","6","60237","Sedan","4"
"2384550","2017","X1 xDrive 28i","231","4.7","4.6","Black Sapphire Metallic","All-wheel Drive","31","Gasoline","8-Speed Automatic","2","4","39064","SUV","4"
"4104630","2021","X5 xDrive40i","340","4.8","4.7","Alpine White","All-wheel Drive","25","Gasoline","8-Speed Automatic","3","6","14672","SUV","4"
"3238650","2021","330 i","258","4.9","4.7","Jet Black","Rear-wheel Drive","36","Gasoline","8-Speed Automatic","2","4","14815","Sedan","4"
"6180120","2016","228 i xDrive","245","4.6","4.7","Mineral Gray Metallic","All-wheel Drive","35","Gasoline","8-Speed Automatic","2","4","45316","Cabriolet","4"
"5067900","2010","535 i","306","4.6","5","Black","Rear-wheel Drive","26","Gasoline","6-Speed Automatic","3","6","141769","Sedan","4"
"2609550","2019","740 i","380","4.5","4.5","Black","Rear-wheel Drive","29","Gasoline","8-Speed Automatic","3","6","34697","Sedan","4"
"","2018","530 i","231","4.8","4.4","Mineral White Metallic","Rear-wheel Drive","34","Gasoline","8-Speed Automatic","2","4","30892","Sedan","4"
"","2020","X3 M40i","360","4.9","4.9","Glacier Silver Metallic","All-wheel Drive","27","Gasoline","8-Speed Automatic","3","6","21810","SUV","4"
"","2019","X1 xDrive28i","231","4.7","4.9","Blue Metallic","All-wheel Drive","31","Gasoline","8-Speed Automatic","2","4","11642","SUV","4"
"","2020","X5 xDrive40i","340","4.7","4.7","Black Sapphire Metallic","All-wheel Drive","26","Gasoline","8-Speed Automatic","3","6","15932","SUV","4"
"","2018","330 i xDrive","258","4.8","4.5","Mineral Gray Metallic","All-wheel Drive","33","Gasoline","8-Speed Automatic","2","4","22917","Sedan","4"
"","2019","X5 xDrive40i","340","4.7","4.8","Gray","All-wheel Drive","26","Gasoline","8-Speed Automatic","3","6","22601","SUV","4"
"","2020","M4 Base","431","4.9","4.6","Black Sapphire Metallic","Rear-wheel Drive","25","Gasoline","7-Speed Automatic with Auto-Shift","3","6","19475","Coupe","2"
"","2019","X3 xDrive30i","249","4.7","5","Phytonic Blue Metallic","All-wheel Drive","29","Gasoline","8-Speed Automatic","2","4","42349","SUV","4"
"","2019","X3 sDrive30i","249","4.7","2","Black Sapphire Metallic","Rear-wheel Drive","30","Gasoline","8-Speed Automatic","2","4","42948","Crossover","4"
"","2021","X5 sDrive40i","340","4.8","2.1","Alpine White","Rear-wheel Drive","26","Gasoline","8-Speed Automatic","3","6","17564","Crossover","4"
"","2019","X3 xDrive30i","249","4.7","4.3","Black Sapphire Metallic","All-wheel Drive","29","Gasoline","8-Speed Automatic","2","4","37486","SUV","4"
"","2016","340 i xDrive","374","4.6","3.4","Silver","All-wheel Drive","33","Gasoline","8-Speed Automatic","3","6","86734","Sedan","4"
"","2021","330 i xDrive","258","4.9","4.7","Phytonic Blue Metallic","All-wheel Drive","34","Gasoline","8-Speed Automatic","2","4","11386","Sedan","4"
"","2020","X7 xDrive40i","381","4.9","4.6","Black Sapphire Metallic","All-wheel Drive","25","Gasoline","8-Speed Automatic","3","6","13840","SUV","4"
"","2008","M6","560","4.8","3","Silver","Rear-wheel Drive","17","Gasoline","7-Speed Automatic with Auto-Shift","5","10","45000","Cabriolet","4"
"","2018","X6 xDrive35i","306","4.7","4.2","Alpine White","All-wheel Drive","24","Gasoline","8-Speed Automatic","3","6","12683","SUV","4"
"","2019","X5 xDrive40i","340","4.7","4.7","Black","All-wheel Drive","26","Gasoline","8-Speed Automatic","3","6","39751","SUV","4"
"","2019","X3 sDrive30i","249","4.7","4.5","Black Sapphire Metallic","Rear-wheel Drive","30","Gasoline","8-Speed Automatic","2","4","11026","Crossover","4"
"","2018","X2 xDrive28i","231","4.7","4.7","Jet Black","All-wheel Drive","31","Gasoline","8-Speed Automatic","2","4","34341","SUV","4"
"","2017","X3 sDrive28i","245","4.8","4.7","White Metallic","Rear-wheel Drive","28","Gasoline","8-Speed Automatic","2","4","45646","Crossover","4"
"","2020","X5 xDrive40i","340","4.7","4.7","Phytonic Blue Metallic","All-wheel Drive","26","Gasoline","8-Speed Automatic","3","6","20912","SUV","4"
"","2018","X5 xDrive50i","329","4.8","3.7","Black Sapphire Metallic","All-wheel Drive","21","Gasoline","8-SPEED A/T","4.4","8","36215","SUV","4"
"","2019","X3 sDrive30i","249","4.7","4.1","–","Rear-wheel Drive","30","Gasoline","8-Speed Automatic","2","4","17505","Crossover","4"
"","2019","X5 xDrive40i","340","4.7","4.7","Alpine White","All-wheel Drive","26","Gasoline","8-Speed Automatic","3","6","35694","SUV","4"
"","2019","X3 xDrive30i","249","4.7","2.4","Black","All-wheel Drive","29","Gasoline","8-Speed Automatic","2","4","23071","SUV","4"
"","2019","X5 xDrive40i","340","4.7","4.8","Jet Black","All-wheel Drive","26","Gasoline","8-Speed Automatic","3","6","23900","SUV","4"
"","2019","X3 sDrive30i","249","4.7","4.7","Jet Black","Rear-wheel Drive","30","Gasoline","8-Speed Automatic","2","4","39084","Crossover","4"
"","2019","X3 xDrive30i","249","4.7","3.6","Black","All-wheel Drive","29","Gasoline","8-Speed Automatic","2","4","49088","SUV","4"
"","2019","X3 xDrive30i","249","4.7","3","Black","All-wheel Drive","29","Gasoline","8-Speed Automatic","2","4","29004","SUV","4"
"","2020","X3 xDrive30i","249","4.9","4.6","Jet Black","All-wheel Drive","29","Gasoline","Automatic","2","4","30507","SUV","4"
"","2020","X5 xDrive40i","340","4.7","4.5","Dark Graphite Metallic","All-wheel Drive","26","Gasoline","8-Speed Automatic","3","6","12412","SUV","4"
"","2016","X5 xDrive50i","329","4.8","4.7","White Metallic","All-wheel Drive","21","Gasoline","8-Speed Automatic","4.4","8","91976","SUV","4"
"","2018","X3 xDrive30i","249","4.8","3.9","Dark Graphite Metallic","All-wheel Drive","29","Gasoline","8-Speed Automatic","2","4","48504","SUV","4"
"","2015","X3 xDrive28i","245","4.6","4.1","Space Gray Metallic","All-wheel Drive","28","Gasoline","8-Speed Automatic","2","4","28490","SUV","4"
"","2011","550 i xDrive","530","4.5","4.7","–","All-wheel Drive","24","Gasoline","8-Speed Automatic","4.4","8","73142","Sedan","4"
"","2021","330 i","258","4.9","2.2","Black","Rear-wheel Drive","36","Gasoline","8-Speed Automatic","2","4","23485","Sedan","4"
"","2021","X3 sDrive30i","249","4.7","4","White Metallic","Rear-wheel Drive","29","Gasoline","8-Speed Automatic","2","4","12558","Crossover","4"
"","2021","X5 xDrive40i","340","4.8","4.5","Mineral White Metallic","All-wheel Drive","25","Gasoline","8-Speed Automatic","3","6","19906","SUV","4"
"","2017","X5 xDrive35i","306","4.7","4.5","Dark Graphite Metallic","All-wheel Drive","24","Gasoline","8-Speed Automatic","3","6","89990","SUV","4"
"","2020","X5 xDrive40i","340","4.7","4.4","Dark Graphite Metallic","All-wheel Drive","26","Gasoline","8-Speed Automatic","3","6","40034","SUV","4"
"","2019","X5 xDrive40i","340","4.7","4.4","Jet Black","All-wheel Drive","26","Gasoline","8-Speed Automatic","3","6","19685","SUV","4"
"","2019","330 i xDrive","258","4.9","4.6","Jet Black","All-wheel Drive","34","Gasoline","8-Speed Automatic","2","4","12034","Sedan","4"
"","2017","X5 sDrive35i","306","4.7","4.7","Black Sapphire Metallic","Rear-wheel Drive","25","Gasoline","8-Speed Automatic","3","6","99265","Crossover","4"
"","2015","X5 xDrive35i","306","4.7","4.9","Sparkling","All-wheel Drive","27","Gasoline","8-Speed Automatic","3","6","82777","SUV","4"
"","2019","X7 xDrive50i","530","4.1","3.4","Carbon Black Metallic","All-wheel Drive","21","Gasoline","8-Speed Automatic","4.4","8","1977","SUV","4"
"","2020","X3 xDrive30i","249","4.9","3.7","Blue Metallic","All-wheel Drive","29","Gasoline","8-Speed Automatic","2","4","28095","SUV","4"
"","2016","X5 xDrive35i","306","4.8","1.8","White","All-wheel Drive","24","Gasoline","8-Speed Automatic","3","6","39130","SUV","4"
"","2014","X5 xDrive50i","329","4.7","4.8","Space Gray Metallic","All-wheel Drive","22","Gasoline","8-Speed Automatic","4.4","8","117760","SUV","4"
"","2020","330 i","258","4.6","1.8","Gray","Rear-wheel Drive","36","Gasoline","8-Speed Automatic","2","4","23995","Sedan","4"
"","2019","330 i","258","4.9","4.8","White Metallic","Rear-wheel Drive","36","Gasoline","8-Speed Automatic","2","4","16062","Sedan","4"
"","2021","330 i xDrive","258","4.9","2.9","Black","All-wheel Drive","34","Gasoline","8-Speed Automatic","2","4","20045","Sedan","4"
"","2018","X2 xDrive28i","231","4.7","3.4","Mineral Gray Metallic","All-wheel Drive","31","Gasoline","8-Speed Automatic","2","4","30812","SUV","4"
"","2021","330 i xDrive","258","4.9","4.7","Mineral Gray Metallic","All-wheel Drive","34","Gasoline","8-Speed Automatic","2","4","10746","Sedan","4"
"","2018","320 i xDrive","184","4.9","1.4","Alpine White","All-wheel Drive","34","Gasoline","8-SPEED A/T","2","4","13682","Hatchback","4"
"","2019","X7 xDrive40i","381","4.1","4.7","Alpine White","All-wheel Drive","25","Gasoline","8-Speed Automatic","3","6","32428","SUV","4"
"","2019","X5 xDrive40i","340","4.7","4.7","Metallic","All-wheel Drive","26","Gasoline","8-Speed Automatic","3","6","19138","SUV","4"
"","2018","X2 xDrive28i","231","4.7","4.5","Black Sapphire Metallic","All-wheel Drive","31","Gasoline","8-Speed Automatic","2","4","53672","SUV","4"
